Order_ID,Order_Date,Customer_ID,Product,Quantity,Discount,City,Payment_Method,Category,Unit_Price,Sales
10001,2025-04-13,2016,Sneakers,4,0.05,Mumbai,UPI,Clothing,3200,12160.0
10002,2025-12-15,2129,Jeans,4,0.05,Visakhapatnam,UPI,Clothing,1800,6840.0
10003,2025-09-28,2575,Jeans,5,0.0,Mumbai,Cash on Delivery,Clothing,1800,9000.0
10004,2025-04-17,2109,Sneakers,2,0.1,Pune,UPI,Clothing,3200,5760.0
10005,2025-03-13,2533,Jeans,5,0.1,Mumbai,Cash on Delivery,Clothing,1800,8100.0
10006,2025-07-08,2670,T-Shirt,1,0.0,Ahmedabad,Credit Card,Clothing,900,900.0
10007,2025-01-21,2269,Headphones,4,0.15,Mumbai,UPI,Electronics,2500,8500.0
10008,2025-04-13,2162,Backpack,1,0.05,Hyderabad,Debit Card,Accessories,1400,1330.0
10009,2025-05-02,2260,Headphones,1,0.1,Visakhapatnam,Credit Card,Electronics,2500,2250.0
10010,2025-08-03,2102,Sneakers,2,0.0,Pune,UPI,Clothing,3200,6400.0
10011,2025-11-27,2506,Headphones,1,0.0,Chennai,UPI,Electronics,2500,2500.0
10012,2025-03-29,2735,Sneakers,4,0.05,Chennai,UPI,Clothing,3200,12160.0
10013,2025-04-10,2571,Backpack,5,0.1,Pune,Net Banking,Accessories,1400,6300.0
10014,2025-12-26,2247,Headphones,4,0.1,Kolkata,Credit Card,Electronics,2500,9000.0
10015,2025-06-01,2640,Laptop,2,0.05,Vijayawada,UPI,Electronics,55000,104500.0
10016,2025-05-11,2795,Smartphone,4,0.0,Kolkata,Cash on Delivery,Electronics,28000,112000.0
10017,2025-05-30,2537,Jeans,3,0.05,Visakhapatnam,UPI,Clothing,1800,5130.0
10018,2025-11-05,2131,Desk,5,0.1,Mumbai,UPI,Furniture,12000,54000.0
10019,2025-09-15,2353,Laptop,3,0.1,Chennai,UPI,Electronics,55000,148500.0
10020,2025-12-10,2196,Backpack,3,0.0,Hyderabad,Credit Card,Accessories,1400,4200.0
10021,2025-10-21,2793,Smartwatch,2,0.0,Kolkata,UPI,Electronics,6500,13000.0
10022,2025-07-11,2666,T-Shirt,1,0.1,Mumbai,Credit Card,Clothing,900,810.0
10023,2025-10-04,2382,Coffee Maker,3,0.0,Delhi,Cash on Delivery,Home & Kitchen,4500,13500.0
10024,2025-06-10,2645,Smartwatch,4,0.0,Vijayawada,UPI,Electronics,6500,26000.0
10025,2025-11-10,2227,T-Shirt,1,0.0,Pune,UPI,Clothing,900,900.0
10026,2025-01-22,2701,Laptop,4,0.05,Mumbai,Credit Card,Electronics,55000,209000.0
10027,2025-09-10,2476,Smartphone,4,0.05,Vijayawada,Credit Card,Electronics,28000,106400.0
10028,2025-08-24,2477,Headphones,1,0.1,Vijayawada,Net Banking,Electronics,2500,2250.0
10029,2025-12-11,2265,Laptop,1,0.0,Chennai,Credit Card,Electronics,55000,55000.0
10030,2025-02-18,2372,Sneakers,4,0.1,Chennai,UPI,Clothing,3200,11520.0
10031,2025-02-28,2486,T-Shirt,2,0.0,Visakhapatnam,UPI,Clothing,900,1800.0
10032,2025-06-19,2434,Jeans,5,0.15,Delhi,UPI,Clothing,1800,7650.0
10033,2025-07-07,2646,Smartphone,5,0.1,Pune,Debit Card,Electronics,28000,126000.0
10034,2025-09-28,2211,Headphones,2,0.1,Vijayawada,UPI,Electronics,2500,4500.0
10035,2025-07-09,2572,Sneakers,1,0.0,Visakhapatnam,UPI,Clothing,3200,3200.0
10036,2025-06-24,2377,Mixer Grinder,4,0.0,Ahmedabad,Credit Card,Home & Kitchen,3800,15200.0
10037,2025-02-20,2395,Laptop,5,0.05,Kolkata,UPI,Electronics,55000,261250.0
10038,2025-12-30,2450,Coffee Maker,4,0.1,Bengaluru,Credit Card,Home & Kitchen,4500,16200.0
10039,2025-02-24,2364,Jeans,2,0.0,Vijayawada,UPI,Clothing,1800,3600.0
10040,2025-09-01,2457,Jeans,4,0.2,Visakhapatnam,Net Banking,Clothing,1800,5760.0
10041,2025-11-16,2725,T-Shirt,2,0.2,Delhi,UPI,Clothing,900,1440.0
10042,2025-05-11,2728,Laptop,1,0.05,Chennai,Net Banking,Electronics,55000,52250.0
10043,2025-11-03,2226,Smartphone,2,0.2,Vijayawada,UPI,Electronics,28000,44800.0
10044,2025-05-15,2131,Jeans,2,0.0,Vijayawada,Cash on Delivery,Clothing,1800,3600.0
10045,2025-01-21,2588,Smartwatch,5,0.0,Mumbai,UPI,Electronics,6500,32500.0
10046,2025-11-25,2476,Coffee Maker,4,0.0,Delhi,Debit Card,Home & Kitchen,4500,18000.0
10047,2025-06-16,2798,T-Shirt,5,0.1,Pune,UPI,Clothing,900,4050.0
10048,2025-10-01,2277,Smartphone,3,0.0,Chennai,Credit Card,Electronics,28000,84000.0
10049,2025-03-30,2156,Backpack,2,0.2,Vijayawada,Debit Card,Accessories,1400,2240.0
10050,2025-11-12,2760,Headphones,3,0.0,Kolkata,Credit Card,Electronics,2500,7500.0
10051,2025-01-14,2218,Jeans,5,0.05,Chennai,Credit Card,Clothing,1800,8550.0
10052,2025-08-30,2190,Sneakers,4,0.15,Kolkata,UPI,Clothing,3200,10880.0
10053,2025-09-22,2417,Coffee Maker,5,0.0,Bengaluru,UPI,Home & Kitchen,4500,22500.0
10054,2025-12-12,2675,Office Chair,4,0.0,Pune,Credit Card,Furniture,8500,34000.0
10055,2025-02-22,2692,Sneakers,4,0.1,Bengaluru,UPI,Clothing,3200,11520.0
10056,2025-12-06,2546,Sneakers,1,0.0,Vijayawada,UPI,Clothing,3200,3200.0
10057,2025-04-02,2041,Mixer Grinder,2,0.0,Mumbai,UPI,Home & Kitchen,3800,7600.0
10058,2025-09-21,2307,Headphones,5,0.0,Pune,UPI,Electronics,2500,12500.0
10059,2025-02-04,2338,Laptop,4,0.05,Mumbai,Credit Card,Electronics,55000,209000.0
10060,2025-07-25,2314,Headphones,5,0.2,Visakhapatnam,Credit Card,Electronics,2500,10000.0
10061,2025-03-22,2075,Headphones,5,0.15,Ahmedabad,Net Banking,Electronics,2500,10625.0
10062,2025-02-19,2279,Sneakers,4,0.0,Delhi,Credit Card,Clothing,3200,12800.0
10063,2025-12-26,2176,Sneakers,3,0.05,Visakhapatnam,Net Banking,Clothing,3200,9120.0
10064,2025-01-02,2662,Jeans,2,0.05,Bengaluru,Debit Card,Clothing,1800,3420.0
10065,2025-02-23,2273,Laptop,2,0.2,Kolkata,Net Banking,Electronics,55000,88000.0
10066,2025-04-16,2620,Backpack,1,0.0,Bengaluru,Cash on Delivery,Accessories,1400,1400.0
10067,2025-09-17,2651,Smartwatch,1,0.05,Pune,Debit Card,Electronics,6500,6175.0
10068,2025-11-06,2783,Sneakers,1,0.1,Pune,UPI,Clothing,3200,2880.0
10069,2025-07-10,2289,Jeans,2,0.2,Bengaluru,UPI,Clothing,1800,2880.0
10070,2025-08-06,2724,Smartwatch,3,0.0,Vijayawada,UPI,Electronics,6500,19500.0
10071,2025-02-13,2272,Smartphone,2,0.0,Bengaluru,Net Banking,Electronics,28000,56000.0
10072,2025-06-11,2066,Smartphone,2,0.0,Pune,Net Banking,Electronics,28000,56000.0
10073,2025-07-21,2483,Office Chair,2,0.0,Pune,Debit Card,Furniture,8500,17000.0
10074,2025-09-27,2248,Coffee Maker,2,0.1,Chennai,Cash on Delivery,Home & Kitchen,4500,8100.0
10075,2025-12-17,2156,Sneakers,3,0.1,Hyderabad,Net Banking,Clothing,3200,8640.0
10076,2025-10-31,2047,Smartphone,1,0.1,Mumbai,Credit Card,Electronics,28000,25200.0
10077,2025-09-28,2454,T-Shirt,5,0.0,Visakhapatnam,Debit Card,Clothing,900,4500.0
10078,2025-08-03,2201,Backpack,1,0.0,Bengaluru,Credit Card,Accessories,1400,1400.0
10079,2025-09-09,2660,Backpack,1,0.0,Chennai,Credit Card,Accessories,1400,1400.0
10080,2025-07-09,2124,Smartphone,5,0.0,Vijayawada,UPI,Electronics,28000,140000.0
10081,2025-10-23,2001,Laptop,2,0.1,Pune,Credit Card,Electronics,55000,99000.0
10082,2025-08-01,2759,Backpack,3,0.0,Bengaluru,Debit Card,Accessories,1400,4200.0
10083,2025-07-27,2640,Smartwatch,3,0.0,Pune,Credit Card,Electronics,6500,19500.0
10084,2025-08-25,2191,Headphones,1,0.05,Kolkata,Cash on Delivery,Electronics,2500,2375.0
10085,2025-12-04,2579,Laptop,5,0.05,Chennai,UPI,Electronics,55000,261250.0
10086,2025-02-22,2516,Jeans,4,0.05,Bengaluru,UPI,Clothing,1800,6840.0
10087,2025-10-07,2442,Desk,2,0.15,Kolkata,Cash on Delivery,Furniture,12000,20400.0
10088,2025-08-05,2143,Mixer Grinder,1,0.0,Ahmedabad,Debit Card,Home & Kitchen,3800,3800.0
10089,2025-09-09,2191,Jeans,3,0.1,Chennai,UPI,Clothing,1800,4860.0
10090,2025-07-07,2533,T-Shirt,5,0.05,Bengaluru,Credit Card,Clothing,900,4275.0
10091,2025-02-10,2227,Smartphone,5,0.05,Bengaluru,Credit Card,Electronics,28000,133000.0
10092,2025-06-06,2313,Jeans,1,0.15,Delhi,Net Banking,Clothing,1800,1530.0
10093,2025-01-15,2629,Smartwatch,4,0.0,Chennai,Debit Card,Electronics,6500,26000.0
10094,2025-10-28,2302,Jeans,3,0.1,Chennai,UPI,Clothing,1800,4860.0
10095,2025-03-06,2654,Smartwatch,1,0.0,Pune,Credit Card,Electronics,6500,6500.0
10096,2025-12-11,2460,Headphones,4,0.05,Bengaluru,Cash on Delivery,Electronics,2500,9500.0
10097,2025-11-23,2401,Smartphone,5,0.1,Mumbai,Debit Card,Electronics,28000,126000.0
10098,2025-01-09,2551,Smartwatch,2,0.15,Mumbai,Cash on Delivery,Electronics,6500,11050.0
10099,2025-12-10,2393,Smartphone,3,0.15,Mumbai,UPI,Electronics,28000,71400.0
10100,2025-05-09,2764,Smartphone,3,0.1,Ahmedabad,Cash on Delivery,Electronics,28000,75600.0
10101,2025-05-16,2207,Mixer Grinder,4,0.0,Bengaluru,Debit Card,Home & Kitchen,3800,15200.0
10102,2025-03-04,2210,T-Shirt,1,0.1,Bengaluru,Debit Card,Clothing,900,810.0
10103,2025-05-19,2115,Jeans,5,0.1,Kolkata,UPI,Clothing,1800,8100.0
10104,2025-03-22,2737,Desk,4,0.0,Delhi,Cash on Delivery,Furniture,12000,48000.0
10105,2025-06-12,2646,Mixer Grinder,2,0.05,Chennai,Debit Card,Home & Kitchen,3800,7220.0
10106,2025-10-16,2251,Jeans,2,0.15,Pune,Cash on Delivery,Clothing,1800,3060.0
10107,2025-09-18,2219,Office Chair,2,0.05,Delhi,UPI,Furniture,8500,16150.0
10108,2025-08-19,2407,Smartwatch,4,0.05,Kolkata,UPI,Electronics,6500,24700.0
10109,2025-02-10,2443,Headphones,5,0.15,Bengaluru,UPI,Electronics,2500,10625.0
10110,2025-01-28,2603,T-Shirt,3,0.0,Visakhapatnam,Credit Card,Clothing,900,2700.0
10111,2025-05-15,2354,Sneakers,1,0.0,Chennai,Credit Card,Clothing,3200,3200.0
10112,2025-07-20,2558,Sneakers,3,0.1,Ahmedabad,Credit Card,Clothing,3200,8640.0
10113,2025-11-24,2550,Smartwatch,5,0.05,Mumbai,Credit Card,Electronics,6500,30875.0
10114,2025-09-25,2142,Smartphone,3,0.1,Ahmedabad,Cash on Delivery,Electronics,28000,75600.0
10115,2025-02-02,2612,Sneakers,4,0.0,Bengaluru,UPI,Clothing,3200,12800.0
10116,2025-02-17,2501,Smartphone,2,0.0,Kolkata,UPI,Electronics,28000,56000.0
10117,2025-03-03,2702,Jeans,5,0.0,Visakhapatnam,Cash on Delivery,Clothing,1800,9000.0
10118,2025-08-04,2547,Sneakers,5,0.2,Vijayawada,Credit Card,Clothing,3200,12800.0
10119,2025-10-20,2659,Backpack,3,0.05,Mumbai,Credit Card,Accessories,1400,3990.0
10120,2025-04-09,2542,Backpack,4,0.05,Pune,Credit Card,Accessories,1400,5320.0
10121,2025-06-21,2507,Desk,3,0.0,Bengaluru,Credit Card,Furniture,12000,36000.0
10122,2025-12-26,2596,T-Shirt,3,0.0,Hyderabad,UPI,Clothing,900,2700.0
10123,2025-08-02,2281,Backpack,5,0.05,Visakhapatnam,Credit Card,Accessories,1400,6650.0
10124,2025-02-04,2424,Jeans,3,0.0,Visakhapatnam,Net Banking,Clothing,1800,5400.0
10125,2025-08-15,2270,Headphones,2,0.05,Chennai,Credit Card,Electronics,2500,4750.0
10126,2025-04-11,2154,Laptop,3,0.05,Ahmedabad,UPI,Electronics,55000,156750.0
10127,2025-05-11,2614,Headphones,2,0.1,Mumbai,Cash on Delivery,Electronics,2500,4500.0
10128,2025-09-14,2727,T-Shirt,5,0.1,Bengaluru,Credit Card,Clothing,900,4050.0
10129,2025-01-05,2662,Jeans,4,0.05,Hyderabad,UPI,Clothing,1800,6840.0
10130,2025-08-06,2083,Desk,2,0.0,Mumbai,Cash on Delivery,Furniture,12000,24000.0
10131,2025-09-12,2622,Headphones,4,0.1,Kolkata,UPI,Electronics,2500,9000.0
10132,2025-12-25,2426,Smartphone,4,0.1,Hyderabad,Net Banking,Electronics,28000,100800.0
10133,2025-10-10,2275,Mixer Grinder,2,0.0,Delhi,Credit Card,Home & Kitchen,3800,7600.0
10134,2025-07-26,2713,Smartphone,5,0.15,Delhi,Debit Card,Electronics,28000,119000.0
10135,2025-01-15,2284,T-Shirt,1,0.0,Visakhapatnam,Credit Card,Clothing,900,900.0
10136,2025-12-12,2173,Jeans,4,0.0,Kolkata,UPI,Clothing,1800,7200.0
10137,2025-02-11,2327,Jeans,4,0.0,Delhi,Debit Card,Clothing,1800,7200.0
10138,2025-06-28,2718,Smartphone,5,0.15,Visakhapatnam,Net Banking,Electronics,28000,119000.0
10139,2025-03-04,2063,Laptop,5,0.05,Ahmedabad,Cash on Delivery,Electronics,55000,261250.0
10140,2025-12-18,2073,Smartphone,3,0.1,Bengaluru,Debit Card,Electronics,28000,75600.0
10141,2025-08-19,2763,Jeans,5,0.0,Visakhapatnam,Net Banking,Clothing,1800,9000.0
10142,2025-08-29,2636,Jeans,4,0.05,Bengaluru,UPI,Clothing,1800,6840.0
10143,2025-02-21,2375,Headphones,2,0.05,Kolkata,UPI,Electronics,2500,4750.0
10144,2025-04-06,2633,Sneakers,1,0.15,Chennai,UPI,Clothing,3200,2720.0
10145,2025-08-10,2508,Office Chair,3,0.0,Mumbai,Debit Card,Furniture,8500,25500.0
10146,2025-08-19,2787,Laptop,2,0.0,Visakhapatnam,Cash on Delivery,Electronics,55000,110000.0
10147,2025-08-25,2398,T-Shirt,1,0.0,Visakhapatnam,Debit Card,Clothing,900,900.0
10148,2025-05-23,2120,Sneakers,1,0.15,Bengaluru,Net Banking,Clothing,3200,2720.0
10149,2025-06-20,2437,Headphones,1,0.05,Delhi,Debit Card,Electronics,2500,2375.0
10150,2025-01-29,2676,Headphones,2,0.05,Delhi,UPI,Electronics,2500,4750.0
10151,2025-02-05,2465,Jeans,3,0.05,Visakhapatnam,UPI,Clothing,1800,5130.0
10152,2025-01-13,2286,Coffee Maker,3,0.2,Delhi,Net Banking,Home & Kitchen,4500,10800.0
10153,2025-06-09,2265,Office Chair,1,0.15,Delhi,UPI,Furniture,8500,7225.0
10154,2025-11-23,2320,Jeans,2,0.1,Visakhapatnam,Credit Card,Clothing,1800,3240.0
10155,2025-07-06,2673,Backpack,1,0.0,Ahmedabad,UPI,Accessories,1400,1400.0
10156,2025-08-31,2376,Smartwatch,5,0.0,Ahmedabad,UPI,Electronics,6500,32500.0
10157,2025-03-27,2089,Sneakers,3,0.15,Vijayawada,Debit Card,Clothing,3200,8160.0
10158,2025-10-11,2654,T-Shirt,4,0.05,Ahmedabad,UPI,Clothing,900,3420.0
10159,2025-03-07,2203,Headphones,1,0.0,Vijayawada,Net Banking,Electronics,2500,2500.0
10160,2025-06-19,2739,Backpack,5,0.05,Kolkata,Credit Card,Accessories,1400,6650.0
10161,2025-02-14,2334,Jeans,3,0.15,Pune,Debit Card,Clothing,1800,4590.0
10162,2025-03-03,2222,Smartwatch,2,0.05,Mumbai,Debit Card,Electronics,6500,12350.0
10163,2025-05-14,2041,Coffee Maker,3,0.1,Pune,Debit Card,Home & Kitchen,4500,12150.0
10164,2025-10-11,2708,Laptop,2,0.15,Delhi,Net Banking,Electronics,55000,93500.0
10165,2025-01-28,2068,Smartwatch,2,0.05,Hyderabad,UPI,Electronics,6500,12350.0
10166,2025-04-18,2776,Laptop,1,0.0,Delhi,UPI,Electronics,55000,55000.0
10167,2025-02-13,2514,Backpack,1,0.2,Visakhapatnam,UPI,Accessories,1400,1120.0
10168,2025-12-06,2637,Backpack,3,0.2,Visakhapatnam,Cash on Delivery,Accessories,1400,3360.0
10169,2025-10-13,2622,Smartwatch,5,0.15,Mumbai,Net Banking,Electronics,6500,27625.0
10170,2025-11-27,2598,Sneakers,3,0.1,Chennai,UPI,Clothing,3200,8640.0
10171,2025-05-08,2632,Smartwatch,4,0.0,Chennai,Debit Card,Electronics,6500,26000.0
10172,2025-12-14,2127,Backpack,2,0.15,Chennai,UPI,Accessories,1400,2380.0
10173,2025-08-19,2255,T-Shirt,2,0.0,Ahmedabad,UPI,Clothing,900,1800.0
10174,2025-07-09,2695,T-Shirt,1,0.15,Kolkata,Debit Card,Clothing,900,765.0
10175,2025-08-13,2016,Coffee Maker,5,0.15,Delhi,UPI,Home & Kitchen,4500,19125.0
10176,2025-10-10,2477,Headphones,1,0.1,Visakhapatnam,Credit Card,Electronics,2500,2250.0
10177,2025-05-01,2062,Smartphone,4,0.15,Hyderabad,Debit Card,Electronics,28000,95200.0
10178,2025-04-26,2432,Jeans,3,0.1,Hyderabad,Cash on Delivery,Clothing,1800,4860.0
10179,2025-08-21,2670,Mixer Grinder,3,0.0,Hyderabad,Credit Card,Home & Kitchen,3800,11400.0
10180,2025-09-16,2268,Smartwatch,5,0.1,Chennai,Debit Card,Electronics,6500,29250.0
10181,2025-12-25,2035,Laptop,1,0.0,Mumbai,Credit Card,Electronics,55000,55000.0
10182,2025-07-17,2779,Smartwatch,1,0.05,Chennai,UPI,Electronics,6500,6175.0
10183,2025-05-17,2576,T-Shirt,4,0.0,Visakhapatnam,Debit Card,Clothing,900,3600.0
10184,2025-11-14,2494,Smartphone,3,0.05,Delhi,UPI,Electronics,28000,79800.0
10185,2025-06-14,2562,Sneakers,1,0.15,Delhi,UPI,Clothing,3200,2720.0
10186,2025-08-13,2469,Mixer Grinder,5,0.2,Mumbai,Credit Card,Home & Kitchen,3800,15200.0
10187,2025-11-03,2767,T-Shirt,3,0.05,Kolkata,Cash on Delivery,Clothing,900,2565.0
10188,2025-08-22,2661,Smartwatch,4,0.05,Ahmedabad,UPI,Electronics,6500,24700.0
10189,2025-06-21,2325,T-Shirt,5,0.05,Hyderabad,UPI,Clothing,900,4275.0
10190,2025-06-01,2304,Smartphone,2,0.2,Delhi,UPI,Electronics,28000,44800.0
10191,2025-11-11,2276,Desk,4,0.05,Mumbai,UPI,Furniture,12000,45600.0
10192,2025-06-09,2684,T-Shirt,5,0.1,Hyderabad,Credit Card,Clothing,900,4050.0
10193,2025-04-06,2201,Smartwatch,1,0.15,Chennai,UPI,Electronics,6500,5525.0
10194,2025-08-21,2445,Sneakers,2,0.05,Bengaluru,Cash on Delivery,Clothing,3200,6080.0
10195,2025-06-29,2324,T-Shirt,4,0.15,Pune,Debit Card,Clothing,900,3060.0
10196,2025-04-23,2035,Sneakers,1,0.15,Delhi,Debit Card,Clothing,3200,2720.0
10197,2025-11-14,2482,Laptop,2,0.15,Kolkata,Credit Card,Electronics,55000,93500.0
10198,2025-02-21,2728,Office Chair,3,0.0,Mumbai,UPI,Furniture,8500,25500.0
10199,2025-09-25,2480,Mixer Grinder,1,0.05,Ahmedabad,UPI,Home & Kitchen,3800,3610.0
10200,2025-10-22,2065,Sneakers,5,0.15,Kolkata,Credit Card,Clothing,3200,13600.0
10201,2025-04-23,2008,Mixer Grinder,4,0.05,Chennai,UPI,Home & Kitchen,3800,14440.0
10202,2025-04-11,2301,Smartphone,2,0.1,Delhi,Debit Card,Electronics,28000,50400.0
10203,2025-04-23,2343,T-Shirt,1,0.0,Visakhapatnam,UPI,Clothing,900,900.0
10204,2025-03-22,2431,Jeans,3,0.0,Chennai,UPI,Clothing,1800,5400.0
10205,2025-07-06,2424,Jeans,4,0.05,Ahmedabad,UPI,Clothing,1800,6840.0
10206,2025-04-23,2332,T-Shirt,4,0.1,Chennai,UPI,Clothing,900,3240.0
10207,2025-01-02,2438,Smartwatch,1,0.05,Mumbai,Net Banking,Electronics,6500,6175.0
10208,2025-05-10,2588,Smartphone,3,0.1,Kolkata,UPI,Electronics,28000,75600.0
10209,2025-08-08,2174,Smartwatch,2,0.05,Mumbai,Cash on Delivery,Electronics,6500,12350.0
10210,2025-02-23,2559,Smartphone,1,0.1,Hyderabad,Credit Card,Electronics,28000,25200.0
10211,2025-12-09,2527,Backpack,2,0.1,Bengaluru,Cash on Delivery,Accessories,1400,2520.0
10212,2025-08-12,2659,Headphones,4,0.05,Kolkata,Credit Card,Electronics,2500,9500.0
10213,2025-08-13,2026,Laptop,2,0.05,Bengaluru,Net Banking,Electronics,55000,104500.0
10214,2025-05-06,2605,Jeans,3,0.0,Mumbai,UPI,Clothing,1800,5400.0
10215,2025-05-10,2406,Jeans,5,0.05,Visakhapatnam,Credit Card,Clothing,1800,8550.0
10216,2025-02-22,2232,Desk,3,0.1,Delhi,UPI,Furniture,12000,32400.0
10217,2025-06-21,2533,Jeans,2,0.05,Ahmedabad,Credit Card,Clothing,1800,3420.0
10218,2025-08-06,2550,Smartwatch,1,0.05,Chennai,Credit Card,Electronics,6500,6175.0
10219,2025-06-09,2788,Office Chair,4,0.1,Chennai,Debit Card,Furniture,8500,30600.0
10220,2025-07-17,2505,Jeans,5,0.0,Bengaluru,UPI,Clothing,1800,9000.0
10221,2025-09-04,2669,Laptop,1,0.15,Ahmedabad,UPI,Electronics,55000,46750.0
10222,2025-11-20,2179,Jeans,1,0.0,Kolkata,Debit Card,Clothing,1800,1800.0
10223,2025-07-22,2132,Coffee Maker,3,0.2,Delhi,Credit Card,Home & Kitchen,4500,10800.0
10224,2025-07-03,2455,Smartwatch,2,0.05,Pune,UPI,Electronics,6500,12350.0
10225,2025-05-03,2348,Headphones,3,0.05,Bengaluru,Net Banking,Electronics,2500,7125.0
10226,2025-09-12,2540,Smartphone,2,0.0,Kolkata,Net Banking,Electronics,28000,56000.0
10227,2025-10-21,2772,Smartphone,3,0.0,Kolkata,Cash on Delivery,Electronics,28000,84000.0
10228,2025-10-07,2406,T-Shirt,1,0.0,Ahmedabad,Cash on Delivery,Clothing,900,900.0
10229,2025-11-21,2076,Jeans,4,0.0,Ahmedabad,UPI,Clothing,1800,7200.0
10230,2025-04-08,2579,Smartphone,2,0.1,Vijayawada,Net Banking,Electronics,28000,50400.0
10231,2025-07-17,2492,Coffee Maker,5,0.05,Chennai,Credit Card,Home & Kitchen,4500,21375.0
10232,2025-08-28,2194,Backpack,5,0.1,Delhi,UPI,Accessories,1400,6300.0
10233,2025-05-24,2162,Jeans,1,0.0,Hyderabad,Cash on Delivery,Clothing,1800,1800.0
10234,2025-04-07,2347,Office Chair,3,0.15,Bengaluru,UPI,Furniture,8500,21675.0
10235,2025-07-20,2361,Smartphone,3,0.05,Delhi,Credit Card,Electronics,28000,79800.0
10236,2025-05-04,2769,T-Shirt,1,0.0,Vijayawada,UPI,Clothing,900,900.0
10237,2025-07-06,2584,Sneakers,5,0.05,Vijayawada,Credit Card,Clothing,3200,15200.0
10238,2025-11-22,2087,Office Chair,5,0.0,Delhi,Credit Card,Furniture,8500,42500.0
10239,2025-12-15,2262,Office Chair,3,0.0,Ahmedabad,Credit Card,Furniture,8500,25500.0
10240,2025-09-16,2214,Headphones,2,0.05,Kolkata,UPI,Electronics,2500,4750.0
10241,2025-05-28,2665,Mixer Grinder,4,0.1,Pune,Credit Card,Home & Kitchen,3800,13680.0
10242,2025-09-09,2722,Smartphone,2,0.15,Delhi,Credit Card,Electronics,28000,47600.0
10243,2025-12-12,2573,Desk,5,0.05,Bengaluru,UPI,Furniture,12000,57000.0
10244,2025-05-27,2780,Mixer Grinder,2,0.2,Hyderabad,Net Banking,Home & Kitchen,3800,6080.0
10245,2025-05-28,2262,Smartphone,4,0.15,Chennai,Credit Card,Electronics,28000,95200.0
10246,2025-12-18,2730,Backpack,2,0.15,Vijayawada,Cash on Delivery,Accessories,1400,2380.0
10247,2025-07-18,2283,Laptop,2,0.05,Visakhapatnam,UPI,Electronics,55000,104500.0
10248,2025-11-04,2648,T-Shirt,2,0.0,Visakhapatnam,UPI,Clothing,900,1800.0
10249,2025-05-08,2467,T-Shirt,2,0.0,,UPI,Clothing,900,1800.0
10250,2025-02-08,2380,Jeans,1,0.1,Ahmedabad,Credit Card,Clothing,1800,1620.0
10251,2025-12-04,2362,Coffee Maker,5,0.05,Chennai,UPI,Home & Kitchen,4500,21375.0
10252,2025-12-26,2449,Sneakers,4,0.0,Vijayawada,Credit Card,Clothing,3200,12800.0
10253,2025-05-09,2441,T-Shirt,5,0.05,Visakhapatnam,UPI,Clothing,900,4275.0
10254,2025-09-24,2093,Office Chair,1,0.0,Visakhapatnam,UPI,Furniture,8500,8500.0
10255,2025-05-31,2621,Mixer Grinder,1,0.1,Pune,Debit Card,Home & Kitchen,3800,3420.0
10256,2025-10-25,2753,Laptop,1,0.0,Delhi,Net Banking,Electronics,55000,55000.0
10257,2025-04-09,2424,Mixer Grinder,1,0.1,Mumbai,UPI,Home & Kitchen,3800,3420.0
10258,2025-09-20,2142,Smartphone,2,0.1,Chennai,Debit Card,Electronics,28000,50400.0
10259,2025-09-09,2291,Office Chair,5,0.0,Mumbai,Debit Card,Furniture,8500,42500.0
10260,2025-05-24,2432,Headphones,3,0.05,Hyderabad,Credit Card,Electronics,2500,7125.0
10261,2025-12-12,2749,Smartphone,4,0.1,Ahmedabad,Cash on Delivery,Electronics,28000,100800.0
10262,2025-04-22,2689,T-Shirt,1,0.0,Delhi,Net Banking,Clothing,900,900.0
10263,2025-03-01,2653,Sneakers,5,0.0,Hyderabad,UPI,Clothing,3200,16000.0
10264,2025-01-02,2701,Smartwatch,1,0.05,Bengaluru,Debit Card,Electronics,6500,6175.0
10265,2025-10-31,2049,Laptop,1,0.1,Vijayawada,Debit Card,Electronics,55000,49500.0
10266,2025-09-11,2302,Jeans,1,0.1,Mumbai,Credit Card,Clothing,1800,1620.0
10267,2025-05-20,2190,Coffee Maker,1,0.0,Kolkata,UPI,Home & Kitchen,4500,4500.0
10268,2025-02-06,2136,Smartwatch,1,0.05,Bengaluru,Net Banking,Electronics,6500,6175.0
10269,2025-06-09,2555,Headphones,4,0.0,Chennai,Cash on Delivery,Electronics,2500,10000.0
10270,2025-01-09,2404,T-Shirt,5,0.15,Vijayawada,UPI,Clothing,900,3825.0
10271,2025-08-21,2602,Laptop,1,0.05,Visakhapatnam,,Electronics,55000,52250.0
10272,2025-04-09,2341,Office Chair,1,0.15,Mumbai,Net Banking,Furniture,8500,7225.0
10273,2025-05-27,2757,Office Chair,1,0.05,Delhi,UPI,Furniture,8500,8075.0
10274,2025-10-31,2704,Jeans,1,0.1,Delhi,Debit Card,Clothing,1800,1620.0
10275,2025-07-27,2318,Smartwatch,2,0.05,Bengaluru,UPI,Electronics,6500,12350.0
10276,2025-05-11,2618,Office Chair,2,0.1,Bengaluru,UPI,Furniture,8500,15300.0
10277,2025-06-01,2363,Jeans,3,0.05,Ahmedabad,UPI,Clothing,1800,5130.0
10278,2025-02-23,2382,Office Chair,1,0.1,Visakhapatnam,UPI,Furniture,8500,7650.0
10279,2025-04-30,2233,Sneakers,3,0.05,Pune,UPI,Clothing,3200,9120.0
10280,2025-06-10,2777,Office Chair,4,0.05,Mumbai,Credit Card,Furniture,8500,32300.0
10281,2025-04-26,2344,Jeans,3,0.05,Hyderabad,Debit Card,Clothing,1800,5130.0
10282,2025-03-16,2549,T-Shirt,5,0.15,Chennai,UPI,Clothing,900,3825.0
10283,2025-04-23,2553,Mixer Grinder,2,0.1,Mumbai,Debit Card,Home & Kitchen,3800,6840.0
10284,2025-04-14,2529,Jeans,2,0.05,Mumbai,Credit Card,Clothing,1800,3420.0
10285,2025-12-06,2789,Jeans,1,0.1,Visakhapatnam,Credit Card,Clothing,1800,1620.0
10286,2025-09-11,2571,Headphones,1,0.1,Mumbai,Credit Card,Electronics,2500,2250.0
10287,2025-08-15,2183,Sneakers,4,0.15,Ahmedabad,Credit Card,Clothing,3200,10880.0
10288,2025-04-22,2041,Jeans,4,0.15,Mumbai,Net Banking,Clothing,1800,6120.0
10289,2025-04-09,2551,Headphones,5,0.1,Kolkata,Debit Card,Electronics,2500,11250.0
10290,2025-06-02,2397,Laptop,1,0.05,Kolkata,UPI,Electronics,55000,52250.0
10291,2025-12-15,2704,Jeans,1,0.1,Vijayawada,Debit Card,Clothing,1800,1620.0
10292,2025-12-04,2779,Backpack,4,0.1,Chennai,UPI,Accessories,1400,5040.0
10293,2025-07-13,2494,Jeans,4,0.2,Kolkata,UPI,Clothing,1800,5760.0
10294,2025-11-06,2659,Headphones,4,0.0,Chennai,Credit Card,Electronics,2500,10000.0
10295,2025-06-12,2333,Sneakers,2,0.0,Delhi,Debit Card,Clothing,3200,6400.0
10296,2025-07-27,2127,Smartphone,3,0.0,Ahmedabad,UPI,Electronics,28000,84000.0
10297,2025-06-18,2558,T-Shirt,3,0.1,Visakhapatnam,Cash on Delivery,Clothing,900,2430.0
10298,2025-06-10,2557,Smartphone,1,0.15,Visakhapatnam,Credit Card,Electronics,28000,23800.0
10299,2025-03-09,2001,Headphones,2,0.0,Kolkata,UPI,Electronics,2500,5000.0
10300,2025-10-16,2168,Headphones,4,0.1,Ahmedabad,Net Banking,Electronics,2500,9000.0
10301,2025-10-04,2620,Smartwatch,1,0.1,Delhi,Credit Card,Electronics,6500,5850.0
10302,2025-10-31,2019,Laptop,2,0.1,Hyderabad,Cash on Delivery,Electronics,55000,99000.0
10303,2025-05-15,2332,Smartwatch,5,0.05,Ahmedabad,Cash on Delivery,Electronics,6500,30875.0
10304,2025-07-14,2584,T-Shirt,2,0.15,Vijayawada,Net Banking,Clothing,900,1530.0
10305,2025-05-08,2456,T-Shirt,1,0.0,Visakhapatnam,UPI,Clothing,900,900.0
10306,2025-02-02,2109,Smartwatch,3,0.1,Vijayawada,UPI,Electronics,6500,17550.0
10307,2025-06-25,2268,Office Chair,4,0.0,Visakhapatnam,Cash on Delivery,Furniture,8500,34000.0
10308,2025-01-22,2445,Smartphone,5,0.05,Delhi,Credit Card,Electronics,28000,133000.0
10309,2025-08-26,2240,T-Shirt,2,0.15,Mumbai,Credit Card,Clothing,900,1530.0
10310,2025-06-07,2301,Laptop,1,0.0,Pune,UPI,Electronics,55000,55000.0
10311,2025-02-07,2602,Laptop,1,0.0,Ahmedabad,UPI,Electronics,55000,55000.0
10312,2025-08-18,2103,Jeans,4,0.1,Ahmedabad,Credit Card,Clothing,1800,6480.0
10313,2025-12-31,2250,Jeans,1,0.05,Mumbai,UPI,Clothing,1800,1710.0
10314,2025-02-20,2453,Desk,1,0.05,Hyderabad,UPI,Furniture,12000,11400.0
10315,2025-09-21,2520,Jeans,4,0.0,Visakhapatnam,UPI,Clothing,1800,7200.0
10316,2025-10-10,2153,Mixer Grinder,5,0.0,Hyderabad,UPI,Home & Kitchen,3800,19000.0
10317,2025-01-27,2174,Laptop,3,0.05,Ahmedabad,Cash on Delivery,Electronics,55000,156750.0
10318,2025-08-14,2343,Smartphone,3,0.0,Kolkata,Debit Card,Electronics,28000,84000.0
10319,2025-10-04,2670,Laptop,2,0.15,Kolkata,UPI,Electronics,55000,93500.0
10320,2025-10-13,2431,Headphones,5,0.0,Bengaluru,UPI,Electronics,2500,12500.0
10321,2025-04-07,2727,Jeans,2,0.05,Chennai,Credit Card,Clothing,1800,3420.0
10322,2025-10-11,2689,Sneakers,3,0.0,Kolkata,UPI,Clothing,3200,9600.0
10323,2025-11-13,2687,Laptop,4,0.0,Kolkata,Cash on Delivery,Electronics,55000,220000.0
10324,2025-10-31,2658,Mixer Grinder,1,0.1,Visakhapatnam,Cash on Delivery,Home & Kitchen,3800,3420.0
10325,2025-05-27,2324,Desk,3,0.1,Bengaluru,Cash on Delivery,Furniture,12000,32400.0
10326,2025-01-04,2673,Headphones,5,0.0,Visakhapatnam,Credit Card,Electronics,2500,12500.0
10327,2025-02-04,2639,Laptop,3,0.0,Ahmedabad,UPI,Electronics,55000,165000.0
10328,2025-07-11,2420,Smartphone,5,0.0,Vijayawada,Debit Card,Electronics,28000,140000.0
10329,2025-02-18,2594,Smartphone,5,0.1,Hyderabad,UPI,Electronics,28000,126000.0
10330,2025-01-17,2485,Smartphone,5,0.1,Ahmedabad,UPI,Electronics,28000,126000.0
10331,2025-06-21,2659,T-Shirt,2,0.0,Vijayawada,UPI,Clothing,900,1800.0
10332,2025-08-08,2751,Headphones,4,0.05,Delhi,Credit Card,Electronics,2500,9500.0
10333,2025-06-07,2412,Smartwatch,3,0.1,Delhi,UPI,Electronics,6500,17550.0
10334,2025-02-15,2084,Mixer Grinder,4,0.15,Visakhapatnam,UPI,Home & Kitchen,3800,12920.0
10335,2025-01-06,2113,Sneakers,1,0.15,Pune,Debit Card,Clothing,3200,2720.0
10336,2025-04-09,2737,Mixer Grinder,3,0.05,Pune,Net Banking,Home & Kitchen,3800,10830.0
10337,2025-08-21,2332,Smartphone,4,0.0,Vijayawada,UPI,Electronics,28000,112000.0
10338,2025-02-06,2378,Smartwatch,4,0.0,Kolkata,Credit Card,Electronics,6500,26000.0
10339,2025-10-07,2755,Jeans,1,0.1,Visakhapatnam,UPI,Clothing,1800,1620.0
10340,2025-12-15,2655,Laptop,5,0.2,Vijayawada,Net Banking,Electronics,55000,220000.0
10341,2025-10-29,2041,Laptop,3,0.05,Visakhapatnam,UPI,Electronics,55000,156750.0
10342,2025-06-30,2770,Sneakers,3,0.05,Vijayawada,Cash on Delivery,Clothing,3200,9120.0
10343,2025-04-05,2797,Sneakers,1,0.05,Delhi,UPI,Clothing,3200,3040.0
10344,2025-04-09,2105,T-Shirt,5,0.05,Bengaluru,Cash on Delivery,Clothing,900,4275.0
10345,2025-07-07,2202,T-Shirt,3,0.0,Visakhapatnam,UPI,Clothing,900,2700.0
10346,2025-04-26,2450,T-Shirt,3,0.1,Bengaluru,UPI,Clothing,900,2430.0
10347,2025-07-10,2266,Laptop,3,0.0,Delhi,UPI,Electronics,55000,165000.0
10348,2025-09-10,2210,Smartwatch,5,0.0,Pune,UPI,Electronics,6500,32500.0
10349,2025-06-10,2563,Smartphone,1,0.1,Mumbai,Cash on Delivery,Electronics,28000,25200.0
10350,2025-09-13,2118,Smartphone,3,0.0,Hyderabad,Debit Card,Electronics,28000,84000.0
10351,2025-11-19,2713,Mixer Grinder,4,0.0,Ahmedabad,Credit Card,Home & Kitchen,3800,15200.0
10352,2025-05-08,2377,Jeans,5,0.0,Hyderabad,Net Banking,Clothing,1800,9000.0
10353,2025-01-18,2551,Backpack,2,0.15,Hyderabad,Credit Card,Accessories,1400,2380.0
10354,2025-10-08,2540,Smartwatch,1,0.1,Ahmedabad,Net Banking,Electronics,6500,5850.0
10355,2025-08-11,2771,Smartwatch,4,0.0,Delhi,UPI,Electronics,6500,26000.0
10356,2025-02-23,2084,Headphones,3,0.05,Delhi,Net Banking,Electronics,2500,7125.0
10357,2025-02-27,2454,Smartphone,2,0.0,Pune,UPI,Electronics,28000,56000.0
10358,2025-11-19,2667,Smartphone,1,0.1,Mumbai,Credit Card,Electronics,28000,25200.0
10359,2025-12-26,2629,Office Chair,5,0.1,Chennai,Credit Card,Furniture,8500,38250.0
10360,2025-06-23,2514,Sneakers,2,0.15,Hyderabad,Credit Card,Clothing,3200,5440.0
10361,2025-10-07,2605,Jeans,2,0.05,Kolkata,Credit Card,Clothing,1800,3420.0
10362,2025-04-24,2678,T-Shirt,4,0.2,Hyderabad,Credit Card,Clothing,900,2880.0
10363,2025-10-15,2387,Coffee Maker,1,0.2,Chennai,Net Banking,Home & Kitchen,4500,3600.0
10364,2025-12-08,2350,Laptop,4,0.15,Visakhapatnam,Net Banking,Electronics,55000,187000.0
10365,2025-05-31,2296,Headphones,4,0.1,Pune,Net Banking,Electronics,2500,9000.0
10366,2025-05-07,2258,Smartwatch,3,0.05,Bengaluru,Net Banking,Electronics,6500,18525.0
10367,2025-06-04,2081,Office Chair,5,0.05,Bengaluru,Cash on Delivery,Furniture,8500,40375.0
10368,2025-09-30,2268,Mixer Grinder,2,0.0,Chennai,Net Banking,Home & Kitchen,3800,7600.0
10369,2025-04-14,2419,Headphones,1,0.0,Hyderabad,Cash on Delivery,Electronics,2500,2500.0
10370,2025-10-26,2235,Desk,5,0.1,Bengaluru,Credit Card,Furniture,12000,54000.0
10371,2025-09-03,2311,Office Chair,5,0.1,Chennai,Cash on Delivery,Furniture,8500,38250.0
10372,2025-06-25,2357,Headphones,1,0.15,Ahmedabad,Net Banking,Electronics,2500,2125.0
10373,2025-02-08,2213,Smartwatch,5,0.0,Delhi,Debit Card,Electronics,6500,32500.0
10374,2025-06-19,2574,T-Shirt,3,0.0,Vijayawada,Credit Card,Clothing,900,2700.0
10375,2025-09-04,2049,Mixer Grinder,5,0.1,Delhi,UPI,Home & Kitchen,3800,17100.0
10376,2025-01-26,2127,Headphones,3,0.05,Hyderabad,Cash on Delivery,Electronics,2500,7125.0
10377,2025-12-21,2223,Office Chair,2,0.0,Chennai,Net Banking,Furniture,8500,17000.0
10378,2025-11-02,2279,Smartwatch,2,0.2,Visakhapatnam,UPI,Electronics,6500,10400.0
10379,2025-01-13,2408,Backpack,4,0.1,Bengaluru,UPI,Accessories,1400,5040.0
10380,2025-11-12,2505,T-Shirt,3,0.05,Bengaluru,UPI,Clothing,900,2565.0
10381,2025-11-09,2294,Jeans,2,0.15,Bengaluru,Credit Card,Clothing,1800,3060.0
10382,2025-02-05,2796,Office Chair,5,0.1,Chennai,UPI,Furniture,8500,38250.0
10383,2025-06-22,2277,Office Chair,1,0.1,Delhi,Debit Card,Furniture,8500,7650.0
10384,2025-01-20,2438,Desk,1,0.15,Visakhapatnam,Net Banking,Furniture,12000,10200.0
10385,2025-11-17,2107,Laptop,3,0.0,Chennai,Debit Card,Electronics,55000,165000.0
10386,2025-09-21,2658,Sneakers,4,0.1,Hyderabad,UPI,Clothing,3200,11520.0
10387,2025-05-22,2420,Smartphone,5,0.0,Pune,Net Banking,Electronics,28000,140000.0
10388,2025-05-23,2611,T-Shirt,3,0.0,Hyderabad,Credit Card,Clothing,900,2700.0
10389,2025-04-02,2429,Jeans,1,0.15,Vijayawada,UPI,Clothing,1800,1530.0
10390,2025-12-20,2375,T-Shirt,3,0.05,Pune,Credit Card,Clothing,900,2565.0
10391,2025-11-18,2073,T-Shirt,5,0.1,Hyderabad,Debit Card,Clothing,900,4050.0
10392,2025-10-15,2634,Mixer Grinder,2,0.15,Visakhapatnam,Cash on Delivery,Home & Kitchen,3800,6460.0
10393,2025-08-03,2030,Smartphone,5,0.15,Mumbai,Net Banking,Electronics,28000,119000.0
10394,2025-12-08,2188,Sneakers,2,0.15,Mumbai,UPI,Clothing,3200,5440.0
10395,2025-02-20,2364,Smartwatch,2,0.05,Mumbai,UPI,Electronics,6500,12350.0
10396,2025-06-02,2800,Smartphone,2,0.05,Vijayawada,UPI,Electronics,28000,53200.0
10397,2025-07-05,2451,Smartphone,3,0.0,Vijayawada,Debit Card,Electronics,28000,84000.0
10398,2025-03-04,2195,Mixer Grinder,1,0.05,Mumbai,Cash on Delivery,Home & Kitchen,3800,3610.0
10399,2025-07-09,2156,Desk,3,0.05,Ahmedabad,Credit Card,Furniture,12000,34200.0
10400,2025-05-05,2172,Coffee Maker,1,0.1,Bengaluru,Credit Card,Home & Kitchen,4500,4050.0
10401,2025-05-30,2041,Mixer Grinder,5,0.1,Pune,Net Banking,Home & Kitchen,3800,17100.0
10402,2025-11-10,2063,Headphones,4,0.2,Pune,Net Banking,Electronics,2500,8000.0
10403,2025-02-27,2023,Smartwatch,5,0.1,Bengaluru,UPI,Electronics,6500,29250.0
10404,2025-12-08,2360,Sneakers,3,0.1,Delhi,Cash on Delivery,Clothing,3200,8640.0
10405,2025-11-01,2075,T-Shirt,3,0.05,Ahmedabad,Debit Card,Clothing,900,2565.0
10406,2025-06-29,2560,T-Shirt,1,0.0,Mumbai,UPI,Clothing,900,900.0
10407,2025-06-19,2672,Smartwatch,3,0.0,Bengaluru,,Electronics,6500,19500.0
10408,2025-11-22,2118,Jeans,2,0.1,Chennai,UPI,Clothing,1800,3240.0
10409,2025-09-28,2612,Jeans,3,0.0,Pune,UPI,Clothing,1800,5400.0
10410,2025-02-23,2380,Smartphone,1,0.1,Chennai,Debit Card,Electronics,28000,25200.0
10411,2025-04-11,2679,T-Shirt,1,0.1,Bengaluru,UPI,Clothing,900,810.0
10412,2025-09-21,2290,Jeans,2,0.0,Bengaluru,Credit Card,Clothing,1800,3600.0
10413,2025-02-22,2440,Jeans,1,0.0,Hyderabad,Credit Card,Clothing,1800,1800.0
10414,2025-03-01,2668,Headphones,4,0.05,Hyderabad,UPI,Electronics,2500,9500.0
10415,2025-04-18,2007,Backpack,5,0.05,Visakhapatnam,Debit Card,Accessories,1400,6650.0
10416,2025-01-05,2196,Laptop,3,0.1,Visakhapatnam,Credit Card,Electronics,55000,148500.0
10417,2025-04-13,2421,Smartwatch,4,0.1,Vijayawada,Credit Card,Electronics,6500,23400.0
10418,2025-07-15,2568,Office Chair,3,0.1,Vijayawada,Net Banking,Furniture,8500,22950.0
10419,2025-09-19,2193,Jeans,4,0.15,Mumbai,UPI,Clothing,1800,6120.0
10420,2025-12-31,2559,Headphones,3,0.1,Hyderabad,Debit Card,Electronics,2500,6750.0
10421,2025-12-16,2148,Sneakers,2,0.2,Mumbai,Credit Card,Clothing,3200,5120.0
10422,2025-02-16,2787,Jeans,1,0.0,Bengaluru,Cash on Delivery,Clothing,1800,1800.0
10423,2025-12-21,2669,Office Chair,1,0.1,Mumbai,Cash on Delivery,Furniture,8500,7650.0
10424,2025-11-07,2202,Backpack,2,0.05,Bengaluru,UPI,Accessories,1400,2660.0
10425,2025-11-04,2444,Jeans,4,0.0,Pune,Debit Card,Clothing,1800,7200.0
10426,2025-05-24,2419,T-Shirt,5,0.0,Hyderabad,UPI,Clothing,900,4500.0
10427,2025-09-26,2427,Smartphone,4,0.1,Visakhapatnam,Net Banking,Electronics,28000,100800.0
10428,2025-05-04,2479,Headphones,1,0.0,Mumbai,UPI,Electronics,2500,2500.0
10429,2025-04-16,2475,T-Shirt,5,0.0,Hyderabad,Cash on Delivery,Clothing,900,4500.0
10430,2025-06-07,2126,Jeans,3,0.2,Pune,UPI,Clothing,1800,4320.0
10431,2025-05-27,2395,T-Shirt,5,0.15,Chennai,Debit Card,Clothing,900,3825.0
10432,2025-05-25,2576,Headphones,4,0.1,Visakhapatnam,Net Banking,Electronics,2500,9000.0
10433,2025-04-30,2325,Laptop,2,0.1,Ahmedabad,Cash on Delivery,Electronics,55000,99000.0
10434,2025-11-15,2392,T-Shirt,3,0.2,Kolkata,UPI,Clothing,900,2160.0
10435,2025-10-02,2688,Headphones,4,0.1,Hyderabad,Credit Card,Electronics,2500,9000.0
10436,2025-04-02,2628,Backpack,3,0.0,Delhi,UPI,Accessories,1400,4200.0
10437,2025-02-27,2440,Laptop,5,0.15,Hyderabad,Credit Card,Electronics,55000,233750.0
10438,2025-12-12,2204,Jeans,1,0.1,Bengaluru,UPI,Clothing,1800,1620.0
10439,2025-08-17,2486,Mixer Grinder,4,0.05,Ahmedabad,UPI,Home & Kitchen,3800,14440.0
10440,2025-04-27,2031,Smartphone,2,0.05,Delhi,Credit Card,Electronics,28000,53200.0
10441,2025-11-14,2388,T-Shirt,5,0.05,Mumbai,UPI,Clothing,900,4275.0
10442,2025-10-06,2625,Smartphone,4,0.15,Pune,Credit Card,Electronics,28000,95200.0
10443,2025-05-07,2434,Sneakers,2,0.05,Delhi,UPI,Clothing,3200,6080.0
10444,2025-05-09,2376,Jeans,4,0.2,Mumbai,UPI,Clothing,1800,5760.0
10445,2025-02-27,2344,T-Shirt,5,0.15,Mumbai,Debit Card,Clothing,900,3825.0
10446,2025-05-02,2443,Jeans,4,0.1,Mumbai,UPI,Clothing,1800,6480.0
10447,2025-01-01,2579,Coffee Maker,3,0.1,Bengaluru,Credit Card,Home & Kitchen,4500,12150.0
10448,2025-08-27,2075,Headphones,5,0.05,Delhi,Credit Card,Electronics,2500,11875.0
10449,2025-10-17,2557,Laptop,4,0.0,Vijayawada,Credit Card,Electronics,55000,220000.0
10450,2025-04-06,2772,Desk,1,0.0,Pune,Debit Card,Furniture,12000,12000.0
10451,2025-05-06,2666,Jeans,4,0.1,Chennai,UPI,Clothing,1800,6480.0
10452,2025-04-28,2155,Coffee Maker,3,0.05,Hyderabad,UPI,Home & Kitchen,4500,12825.0
10453,2025-02-17,2430,Jeans,2,0.0,Bengaluru,Cash on Delivery,Clothing,1800,3600.0
10454,2025-03-30,2363,Office Chair,2,0.0,Visakhapatnam,Net Banking,Furniture,8500,17000.0
10455,2025-08-25,2448,T-Shirt,2,0.15,Chennai,UPI,Clothing,900,1530.0
10456,2025-09-29,2234,Backpack,1,0.05,Pune,Credit Card,Accessories,1400,1330.0
10457,2025-07-08,2563,Coffee Maker,3,0.15,Bengaluru,UPI,Home & Kitchen,4500,11475.0
10458,2025-07-11,2262,Jeans,5,0.05,Chennai,UPI,Clothing,1800,8550.0
10459,2025-03-10,2125,Headphones,2,0.05,Hyderabad,UPI,Electronics,2500,4750.0
10460,2025-10-05,2245,Headphones,3,0.0,Mumbai,Debit Card,Electronics,2500,7500.0
10461,2025-12-15,2542,Headphones,4,0.05,Ahmedabad,UPI,Electronics,2500,9500.0
10462,2025-09-04,2485,Headphones,1,0.1,Mumbai,Net Banking,Electronics,2500,2250.0
10463,2025-03-17,2122,Headphones,3,0.0,Pune,Credit Card,Electronics,2500,7500.0
10464,2025-06-03,2125,Jeans,3,0.1,Hyderabad,UPI,Clothing,1800,4860.0
10465,2025-05-24,2549,Jeans,5,0.1,Chennai,Cash on Delivery,Clothing,1800,8100.0
10466,2025-03-27,2170,T-Shirt,3,0.1,Kolkata,UPI,Clothing,900,2430.0
10467,2025-07-04,2124,Jeans,5,0.1,Ahmedabad,Credit Card,Clothing,1800,8100.0
10468,2025-10-12,2035,Smartphone,1,0.05,Mumbai,UPI,Electronics,28000,26600.0
10469,2025-08-08,2087,Smartphone,1,0.1,Vijayawada,UPI,Electronics,28000,25200.0
10470,2025-03-10,2646,Smartphone,4,0.2,Chennai,UPI,Electronics,28000,89600.0
10471,2025-02-16,2708,T-Shirt,5,0.15,Mumbai,UPI,Clothing,900,3825.0
10472,2025-04-04,2786,Headphones,5,0.2,Chennai,UPI,Electronics,2500,10000.0
10473,2025-08-26,2201,Headphones,2,0.05,Ahmedabad,UPI,Electronics,2500,4750.0
10474,2025-07-23,2369,T-Shirt,2,0.1,Pune,Net Banking,Clothing,900,1620.0
10475,2025-08-06,2797,Office Chair,4,0.1,Visakhapatnam,UPI,Furniture,8500,30600.0
10476,2025-12-07,2077,Laptop,1,0.0,Mumbai,UPI,Electronics,55000,55000.0
10477,2025-02-08,2059,Sneakers,2,0.15,Chennai,Net Banking,Clothing,3200,5440.0
10478,2025-04-10,2431,Sneakers,3,0.1,Visakhapatnam,Debit Card,Clothing,3200,8640.0
10479,2025-10-16,2638,Office Chair,1,0.0,Visakhapatnam,Credit Card,Furniture,8500,8500.0
10480,2025-09-11,2500,Coffee Maker,3,0.0,Vijayawada,UPI,Home & Kitchen,4500,13500.0
10481,2025-08-10,2109,Laptop,5,0.15,Visakhapatnam,Debit Card,Electronics,55000,233750.0
10482,2025-12-23,2736,Smartphone,1,0.0,Ahmedabad,UPI,Electronics,28000,28000.0
10483,2025-01-23,2278,Desk,4,0.0,Hyderabad,Debit Card,Furniture,12000,48000.0
10484,2025-09-07,2068,T-Shirt,5,0.05,Visakhapatnam,Net Banking,Clothing,900,4275.0
10485,2025-01-10,2069,Jeans,5,0.0,Kolkata,Credit Card,Clothing,1800,9000.0
10486,2025-09-03,2165,Sneakers,3,0.15,Chennai,UPI,Clothing,3200,8160.0
10487,2025-11-21,2489,Sneakers,5,0.05,Visakhapatnam,Debit Card,Clothing,3200,15200.0
10488,2025-04-10,2305,Coffee Maker,2,0.1,Delhi,Credit Card,Home & Kitchen,4500,8100.0
10489,2025-10-17,2674,Mixer Grinder,1,0.15,Hyderabad,Credit Card,Home & Kitchen,3800,3230.0
10490,2025-06-29,2365,Backpack,2,0.05,Bengaluru,Credit Card,Accessories,1400,2660.0
10491,2025-08-11,2379,Headphones,3,0.05,Hyderabad,Debit Card,Electronics,2500,7125.0
10492,2025-09-07,2343,Desk,3,0.1,Pune,Credit Card,Furniture,12000,32400.0
10493,2025-05-27,2554,Laptop,1,0.05,Bengaluru,Net Banking,Electronics,55000,52250.0
10494,2025-04-06,2354,Headphones,5,0.05,Vijayawada,Cash on Delivery,Electronics,2500,11875.0
10495,2025-09-14,2416,Coffee Maker,4,0.1,Hyderabad,UPI,Home & Kitchen,4500,16200.0
10496,2025-11-21,2109,Headphones,3,0.15,Pune,Debit Card,Electronics,2500,6375.0
10497,2025-01-04,2563,Headphones,1,0.1,Hyderabad,UPI,Electronics,2500,2250.0
10498,2025-01-16,2762,Smartphone,4,0.2,Visakhapatnam,Cash on Delivery,Electronics,28000,89600.0
10499,2025-10-07,2497,Desk,5,0.1,Mumbai,UPI,Furniture,12000,54000.0
10500,2025-12-02,2341,T-Shirt,3,0.1,Mumbai,Credit Card,Clothing,900,2430.0
10501,2025-09-04,2383,Sneakers,1,0.15,Pune,Cash on Delivery,Clothing,3200,2720.0
10502,2025-09-15,2533,Headphones,1,0.0,Hyderabad,UPI,Electronics,2500,2500.0
10503,2025-06-09,2300,Backpack,1,0.05,Pune,Cash on Delivery,Accessories,1400,1330.0
10504,2025-12-06,2139,Backpack,3,0.1,Vijayawada,Debit Card,Accessories,1400,3780.0
10505,2025-06-01,2359,Smartwatch,4,0.1,Mumbai,Credit Card,Electronics,6500,23400.0
10506,2025-06-27,2499,T-Shirt,1,0.0,Delhi,Credit Card,Clothing,900,900.0
10507,2025-06-12,2385,Headphones,5,0.05,Bengaluru,Net Banking,Electronics,2500,11875.0
10508,2025-02-02,2604,Mixer Grinder,1,0.05,Ahmedabad,UPI,Home & Kitchen,3800,3610.0
10509,2025-06-28,2280,Sneakers,4,0.1,Visakhapatnam,Debit Card,Clothing,3200,11520.0
10510,2025-04-11,2637,Coffee Maker,3,0.15,Delhi,Debit Card,Home & Kitchen,4500,11475.0
10511,2025-09-25,2483,Headphones,1,0.15,Delhi,Net Banking,Electronics,2500,2125.0
10512,2025-11-19,2111,Office Chair,1,0.1,Chennai,Debit Card,Furniture,8500,7650.0
10513,2025-03-06,2139,Backpack,5,0.15,Delhi,Credit Card,Accessories,1400,5950.0
10514,2025-06-17,2435,Sneakers,5,0.05,Bengaluru,Net Banking,Clothing,3200,15200.0
10515,2025-11-26,2509,Mixer Grinder,1,0.05,Bengaluru,Cash on Delivery,Home & Kitchen,3800,3610.0
10516,2025-02-12,2273,Smartwatch,1,0.05,Visakhapatnam,Debit Card,Electronics,6500,6175.0
10517,2025-02-13,2099,Smartphone,5,0.1,Pune,UPI,Electronics,28000,126000.0
10518,2025-10-12,2764,Sneakers,4,0.0,Kolkata,UPI,Clothing,3200,12800.0
10519,2025-01-12,2104,Backpack,2,0.1,Kolkata,Debit Card,Accessories,1400,2520.0
10520,2025-04-05,2214,Jeans,2,0.1,Hyderabad,Credit Card,Clothing,1800,3240.0
10521,2025-10-29,2761,Headphones,1,0.05,Hyderabad,UPI,Electronics,2500,2375.0
10522,2025-09-10,2664,T-Shirt,5,0.2,Ahmedabad,UPI,Clothing,900,3600.0
10523,2025-08-30,2762,Smartwatch,3,0.1,Bengaluru,Credit Card,Electronics,6500,17550.0
10524,2025-02-04,2787,T-Shirt,3,0.0,Hyderabad,UPI,Clothing,900,2700.0
10525,2025-08-03,2165,Sneakers,2,0.05,Chennai,UPI,Clothing,3200,6080.0
10526,2025-12-03,2520,Backpack,4,0.1,Hyderabad,Credit Card,Accessories,1400,5040.0
10527,2025-03-31,2284,Headphones,2,0.05,Vijayawada,Cash on Delivery,Electronics,2500,4750.0
10528,2025-09-21,2517,T-Shirt,1,0.0,Vijayawada,Credit Card,Clothing,900,900.0
10529,2025-04-03,2657,Headphones,4,0.1,Chennai,UPI,Electronics,2500,9000.0
10530,2025-03-31,2613,Headphones,3,0.15,Delhi,UPI,Electronics,2500,6375.0
10531,2025-04-25,2164,Office Chair,5,0.05,Vijayawada,Credit Card,Furniture,8500,40375.0
10532,2025-04-15,2659,Coffee Maker,5,0.15,Kolkata,Cash on Delivery,Home & Kitchen,4500,19125.0
10533,2025-07-15,2064,Smartwatch,1,0.15,Kolkata,Debit Card,Electronics,6500,5525.0
10534,2025-11-10,2091,Backpack,2,0.0,Vijayawada,UPI,Accessories,1400,2800.0
10535,2025-04-24,2117,Coffee Maker,1,0.1,Hyderabad,Credit Card,Home & Kitchen,4500,4050.0
10536,2025-03-16,2267,Desk,5,0.05,Ahmedabad,Cash on Delivery,Furniture,12000,57000.0
10537,2025-08-05,2685,Headphones,3,0.0,Ahmedabad,UPI,Electronics,2500,7500.0
10538,2025-10-04,2559,Mixer Grinder,5,0.1,Kolkata,Credit Card,Home & Kitchen,3800,17100.0
10539,2025-09-06,2140,Smartwatch,4,0.1,Vijayawada,UPI,Electronics,6500,23400.0
10540,2025-06-13,2246,Smartwatch,5,0.0,Delhi,UPI,Electronics,6500,32500.0
10541,2025-12-23,2661,Laptop,5,0.15,Visakhapatnam,UPI,Electronics,55000,233750.0
10542,2025-07-11,2758,T-Shirt,4,0.1,Hyderabad,Credit Card,Clothing,900,3240.0
10543,2025-08-15,2395,Smartphone,2,0.15,Hyderabad,UPI,Electronics,28000,47600.0
10544,2025-06-26,2487,Headphones,5,0.05,Ahmedabad,UPI,Electronics,2500,11875.0
10545,2025-04-09,2476,Smartwatch,1,0.15,Vijayawada,UPI,Electronics,6500,5525.0
10546,2025-02-05,2517,Office Chair,5,0.05,Pune,UPI,Furniture,8500,40375.0
10547,2025-04-06,2184,Desk,1,0.0,Mumbai,Credit Card,Furniture,12000,12000.0
10548,2025-06-01,2020,Headphones,4,0.1,Vijayawada,UPI,Electronics,2500,9000.0
10549,2025-05-31,2558,Desk,5,0.1,Chennai,UPI,Furniture,12000,54000.0
10550,2025-07-09,2524,Desk,4,0.1,Vijayawada,Cash on Delivery,Furniture,12000,43200.0
10551,2025-08-12,2582,Backpack,4,0.05,Hyderabad,Debit Card,Accessories,1400,5320.0
10552,2025-02-06,2529,Smartphone,2,0.0,Visakhapatnam,Credit Card,Electronics,28000,56000.0
10553,2025-09-25,2147,Sneakers,5,0.1,Chennai,UPI,Clothing,3200,14400.0
10554,2025-07-02,2666,Mixer Grinder,1,0.05,Ahmedabad,Debit Card,Home & Kitchen,3800,3610.0
10555,2025-01-13,2304,Sneakers,1,0.1,Bengaluru,UPI,Clothing,3200,2880.0
10556,2025-10-06,2620,Smartwatch,5,0.05,Bengaluru,UPI,Electronics,6500,30875.0
10557,2025-08-05,2748,T-Shirt,2,0.2,Pune,Debit Card,Clothing,900,1440.0
10558,2025-12-21,2582,Sneakers,2,0.1,Ahmedabad,Net Banking,Clothing,3200,5760.0
10559,2025-12-27,2695,T-Shirt,2,0.1,Delhi,Credit Card,Clothing,900,1620.0
10560,2025-10-13,2762,Smartphone,1,0.15,Kolkata,UPI,Electronics,28000,23800.0
10561,2025-09-30,2228,Smartwatch,4,0.1,Pune,Cash on Delivery,Electronics,6500,23400.0
10562,2025-03-03,2102,Office Chair,2,0.0,Bengaluru,UPI,Furniture,8500,17000.0
10563,2025-03-25,2587,Desk,1,0.0,Kolkata,Cash on Delivery,Furniture,12000,12000.0
10564,2025-08-05,2417,Smartphone,1,0.1,Delhi,Credit Card,Electronics,28000,25200.0
10565,2025-12-08,2216,Mixer Grinder,4,0.0,Ahmedabad,UPI,Home & Kitchen,3800,15200.0
10566,2025-07-06,2407,Smartwatch,5,0.1,Kolkata,Credit Card,Electronics,6500,29250.0
10567,2025-01-19,2399,Sneakers,5,0.0,Ahmedabad,Net Banking,Clothing,3200,16000.0
10568,2025-06-26,2715,Backpack,2,0.0,Delhi,Cash on Delivery,Accessories,1400,2800.0
10569,2025-04-10,2704,Office Chair,2,0.05,Mumbai,Credit Card,Furniture,8500,16150.0
10570,2025-08-21,2761,Mixer Grinder,4,0.2,Chennai,Debit Card,Home & Kitchen,3800,12160.0
10571,2025-03-17,2499,Smartwatch,2,0.1,Kolkata,Credit Card,Electronics,6500,11700.0
10572,2025-09-22,2754,Desk,4,0.15,Kolkata,Debit Card,Furniture,12000,40800.0
10573,2025-10-11,2465,Smartphone,1,0.2,Ahmedabad,Cash on Delivery,Electronics,28000,22400.0
10574,2025-07-25,2691,Backpack,2,0.0,Ahmedabad,UPI,Accessories,1400,2800.0
10575,2025-08-11,2731,Backpack,1,0.05,Kolkata,UPI,Accessories,1400,1330.0
10576,2025-02-21,2082,Sneakers,3,0.1,Ahmedabad,Net Banking,Clothing,3200,8640.0
10577,2025-12-05,2604,Headphones,4,0.15,Visakhapatnam,Net Banking,Electronics,2500,8500.0
10578,2025-05-24,2687,Desk,3,0.05,Visakhapatnam,UPI,Furniture,12000,34200.0
10579,2025-03-10,2751,Smartphone,2,0.2,Mumbai,UPI,Electronics,28000,44800.0
10580,2025-04-09,2772,Laptop,1,0.0,Mumbai,Net Banking,Electronics,55000,55000.0
10581,2025-01-25,2365,Backpack,2,0.0,Mumbai,Credit Card,Accessories,1400,2800.0
10582,2025-02-22,2163,T-Shirt,3,0.1,Bengaluru,Credit Card,Clothing,900,2430.0
10583,2025-05-31,2048,Desk,2,0.05,Bengaluru,UPI,Furniture,12000,22800.0
10584,2025-05-24,2511,Smartwatch,5,0.0,Vijayawada,Cash on Delivery,Electronics,6500,32500.0
10585,2025-02-26,2329,Smartphone,3,0.05,Pune,UPI,Electronics,28000,79800.0
10586,2025-02-08,2116,Office Chair,2,0.0,Chennai,UPI,Furniture,8500,17000.0
10587,2025-04-19,2337,Jeans,1,0.1,Visakhapatnam,UPI,Clothing,1800,1620.0
10588,2025-06-30,2737,Headphones,2,0.15,Delhi,Net Banking,Electronics,2500,4250.0
10589,2025-02-11,2147,Backpack,1,0.15,Chennai,Debit Card,Accessories,1400,1190.0
10590,2025-07-05,2575,T-Shirt,5,0.1,Chennai,Cash on Delivery,Clothing,900,4050.0
10591,2025-08-11,2323,Jeans,2,0.05,Delhi,UPI,Clothing,1800,3420.0
10592,2025-05-02,2443,T-Shirt,5,0.05,Hyderabad,Net Banking,Clothing,900,4275.0
10593,2025-05-13,2013,Office Chair,3,0.0,Kolkata,Cash on Delivery,Furniture,8500,25500.0
10594,2025-06-12,2494,Office Chair,1,0.05,Pune,Debit Card,Furniture,8500,8075.0
10595,2025-08-03,2701,Backpack,3,0.0,Vijayawada,Net Banking,Accessories,1400,4200.0
10596,2025-08-09,2287,Smartphone,1,0.15,Mumbai,UPI,Electronics,28000,23800.0
10597,2025-08-23,2720,Office Chair,5,0.15,Delhi,Debit Card,Furniture,8500,36125.0
10598,2025-11-27,2114,Sneakers,4,0.05,Bengaluru,Net Banking,Clothing,3200,12160.0
10599,2025-05-26,2480,Sneakers,2,0.1,Mumbai,Cash on Delivery,Clothing,3200,5760.0
10600,2025-08-27,2022,Smartwatch,5,0.0,Ahmedabad,Credit Card,Electronics,6500,32500.0
10601,2025-03-17,2349,Desk,1,0.1,Delhi,UPI,Furniture,12000,10800.0
10602,2025-01-09,2726,Backpack,1,0.1,Mumbai,Debit Card,Accessories,1400,1260.0
10603,2025-03-15,2683,Smartphone,1,0.05,Kolkata,Credit Card,Electronics,28000,26600.0
10604,2025-09-10,2566,T-Shirt,1,0.0,Kolkata,UPI,Clothing,900,900.0
10605,2025-08-18,2320,Desk,2,0.15,Kolkata,Cash on Delivery,Furniture,12000,20400.0
10606,2025-01-07,2126,Laptop,3,0.1,Mumbai,UPI,Electronics,55000,148500.0
10607,2025-06-23,2277,Mixer Grinder,4,0.15,Kolkata,Credit Card,Home & Kitchen,3800,12920.0
10608,2025-05-21,2204,Sneakers,2,0.15,Visakhapatnam,Debit Card,Clothing,3200,5440.0
10609,2025-06-17,2194,Sneakers,1,0.2,Bengaluru,Credit Card,Clothing,3200,2560.0
10610,2025-06-19,2681,Headphones,2,0.0,Vijayawada,UPI,Electronics,2500,5000.0
10611,2025-10-10,2664,Headphones,5,0.0,Delhi,Credit Card,Electronics,2500,12500.0
10612,2025-05-02,2547,Mixer Grinder,1,0.05,Chennai,UPI,Home & Kitchen,3800,3610.0
10613,2025-07-13,2696,Headphones,4,0.0,Mumbai,UPI,Electronics,2500,10000.0
10614,2025-01-05,2286,Backpack,1,0.05,Mumbai,UPI,Accessories,1400,1330.0
10615,2025-01-29,2057,Smartwatch,4,0.1,Bengaluru,UPI,Electronics,6500,23400.0
10616,2025-06-14,2734,Smartphone,4,0.1,Hyderabad,UPI,Electronics,28000,100800.0
10617,2025-12-05,2303,Laptop,3,0.0,Pune,Credit Card,Electronics,55000,165000.0
10618,2025-05-16,2163,Jeans,3,0.15,Ahmedabad,Net Banking,Clothing,1800,4590.0
10619,2025-12-31,2019,Mixer Grinder,2,0.0,Delhi,Credit Card,Home & Kitchen,3800,7600.0
10620,2025-11-17,2370,Smartwatch,2,0.05,Hyderabad,Debit Card,Electronics,6500,12350.0
10621,2025-12-08,2264,Smartwatch,4,0.1,Ahmedabad,UPI,Electronics,6500,23400.0
10622,2025-05-25,2794,Smartwatch,1,0.1,Pune,Debit Card,Electronics,6500,5850.0
10623,2025-11-23,2113,Jeans,5,0.05,Chennai,Debit Card,Clothing,1800,8550.0
10624,2025-08-05,2488,T-Shirt,5,0.0,Mumbai,Credit Card,Clothing,900,4500.0
10625,2025-10-28,2327,Desk,1,0.1,Kolkata,UPI,Furniture,12000,10800.0
10626,2025-05-12,2542,T-Shirt,1,0.0,Bengaluru,UPI,Clothing,900,900.0
10627,2025-10-19,2647,T-Shirt,3,0.0,Delhi,Debit Card,Clothing,900,2700.0
10628,2025-03-11,2579,Smartphone,5,0.1,Bengaluru,Credit Card,Electronics,28000,126000.0
10629,2025-09-09,2065,Mixer Grinder,4,0.05,Vijayawada,Cash on Delivery,Home & Kitchen,3800,14440.0
10630,2025-10-02,2292,Headphones,2,0.05,Chennai,UPI,Electronics,2500,4750.0
10631,2025-12-30,2025,Laptop,3,0.05,Vijayawada,UPI,Electronics,55000,156750.0
10632,2025-07-01,2549,Sneakers,5,0.2,Pune,Credit Card,Clothing,3200,12800.0
10633,2025-06-16,2001,Jeans,1,0.2,Pune,Cash on Delivery,Clothing,1800,1440.0
10634,2025-04-01,2549,T-Shirt,5,0.05,Visakhapatnam,UPI,Clothing,900,4275.0
10635,2025-07-21,2141,T-Shirt,4,0.0,Pune,Debit Card,Clothing,900,3600.0
10636,2025-12-12,2744,Office Chair,3,0.05,Hyderabad,UPI,Furniture,8500,24225.0
10637,2025-01-19,2648,Headphones,1,0.0,Hyderabad,Credit Card,Electronics,2500,2500.0
10638,2025-02-08,2188,Office Chair,4,0.05,Kolkata,Cash on Delivery,Furniture,8500,32300.0
10639,2025-05-06,2128,Sneakers,2,0.1,Mumbai,Cash on Delivery,Clothing,3200,5760.0
10640,2025-06-22,2201,T-Shirt,3,0.05,Bengaluru,UPI,Clothing,900,2565.0
10641,2025-05-21,2127,T-Shirt,4,0.05,Mumbai,UPI,Clothing,900,3420.0
10642,2025-08-30,2257,Headphones,4,0.0,Mumbai,Debit Card,Electronics,2500,10000.0
10643,2025-08-08,2676,Backpack,1,0.05,Hyderabad,UPI,Accessories,1400,1330.0
10644,2025-05-06,2547,T-Shirt,2,0.05,Bengaluru,Debit Card,Clothing,900,1710.0
10645,2025-02-27,2194,Smartwatch,4,0.05,Kolkata,Credit Card,Electronics,6500,24700.0
10646,2025-05-28,2703,Jeans,3,0.1,Chennai,UPI,Clothing,1800,4860.0
10647,2025-11-13,2104,Mixer Grinder,4,0.1,Visakhapatnam,Cash on Delivery,Home & Kitchen,3800,13680.0
10648,2025-12-27,2535,T-Shirt,5,0.05,Hyderabad,UPI,Clothing,900,4275.0
10649,2025-01-01,2265,Coffee Maker,3,0.1,Vijayawada,Net Banking,Home & Kitchen,4500,12150.0
10650,2025-12-14,2384,Smartwatch,3,0.0,Visakhapatnam,Cash on Delivery,Electronics,6500,19500.0
10651,2025-07-09,2260,Laptop,4,0.0,Chennai,Debit Card,Electronics,55000,220000.0
10652,2025-07-10,2414,Headphones,1,0.1,Pune,UPI,Electronics,2500,2250.0
10653,2025-11-08,2358,T-Shirt,3,0.0,Mumbai,Net Banking,Clothing,900,2700.0
10654,2025-04-27,2075,Headphones,5,0.1,Delhi,Cash on Delivery,Electronics,2500,11250.0
10655,2025-05-14,2355,Laptop,1,0.1,Kolkata,UPI,Electronics,55000,49500.0
10656,2025-02-27,2584,Coffee Maker,1,0.15,Mumbai,Credit Card,Home & Kitchen,4500,3825.0
10657,2025-02-13,2771,Desk,1,0.2,Pune,UPI,Furniture,12000,9600.0
10658,2025-06-22,2188,Backpack,3,0.0,Chennai,Net Banking,Accessories,1400,4200.0
10659,2025-06-09,2685,Smartphone,1,0.2,Vijayawada,Cash on Delivery,Electronics,28000,22400.0
10660,2025-06-22,2290,Smartphone,4,0.1,Kolkata,Net Banking,Electronics,28000,100800.0
10661,2025-11-13,2045,Laptop,1,0.1,Kolkata,Cash on Delivery,Electronics,55000,49500.0
10662,2025-10-30,2573,Backpack,5,0.0,Chennai,Credit Card,Accessories,1400,7000.0
10663,2025-05-29,2083,Coffee Maker,2,0.15,Visakhapatnam,UPI,Home & Kitchen,4500,7650.0
10664,2025-03-21,2123,T-Shirt,5,0.0,Ahmedabad,UPI,Clothing,900,4500.0
10665,2025-08-01,2358,Smartphone,3,0.15,Mumbai,UPI,Electronics,28000,71400.0
10666,2025-07-22,2528,T-Shirt,1,0.0,Visakhapatnam,Credit Card,Clothing,900,900.0
10667,2025-09-09,2066,Smartwatch,1,0.1,Hyderabad,Net Banking,Electronics,6500,5850.0
10668,2025-08-17,2657,Smartwatch,4,0.05,Chennai,Net Banking,Electronics,6500,24700.0
10669,2025-06-13,2375,Sneakers,1,0.0,Hyderabad,UPI,Clothing,3200,3200.0
10670,2025-08-15,2162,Backpack,5,0.0,Vijayawada,Debit Card,Accessories,1400,7000.0
10671,2025-05-27,2746,Smartphone,3,0.05,Visakhapatnam,Credit Card,Electronics,28000,79800.0
10672,2025-01-20,2380,Laptop,2,0.0,Delhi,Credit Card,Electronics,55000,110000.0
10673,2025-02-16,2656,Mixer Grinder,1,0.05,Ahmedabad,Debit Card,Home & Kitchen,3800,3610.0
10674,2025-08-21,2358,Headphones,2,0.1,Chennai,UPI,Electronics,2500,4500.0
10675,2025-11-01,2188,Laptop,1,0.15,Chennai,Net Banking,Electronics,55000,46750.0
10676,2025-01-14,2322,Headphones,3,0.1,Ahmedabad,Debit Card,Electronics,2500,6750.0
10677,2025-05-23,2450,Laptop,5,0.0,Kolkata,Debit Card,Electronics,55000,275000.0
10678,2025-01-01,2474,Smartwatch,3,0.05,Pune,UPI,Electronics,6500,18525.0
10679,2025-02-23,2013,Office Chair,2,0.0,Vijayawada,UPI,Furniture,8500,17000.0
10680,2025-09-16,2184,Smartwatch,1,0.15,Visakhapatnam,Credit Card,Electronics,6500,5525.0
10681,2025-05-24,2111,T-Shirt,2,0.15,Chennai,Cash on Delivery,Clothing,900,1530.0
10682,2025-01-12,2508,Sneakers,5,0.05,Chennai,Net Banking,Clothing,3200,15200.0
10683,2025-11-26,2290,T-Shirt,3,0.0,Ahmedabad,Credit Card,Clothing,900,2700.0
10684,2025-08-12,2295,Desk,2,0.15,Delhi,Cash on Delivery,Furniture,12000,20400.0
10685,2025-09-29,2451,Desk,2,0.15,Ahmedabad,Credit Card,Furniture,12000,20400.0
10686,2025-12-24,2215,Laptop,5,0.15,Ahmedabad,UPI,Electronics,55000,233750.0
10687,2025-06-05,2632,Backpack,1,0.15,Mumbai,Debit Card,Accessories,1400,1190.0
10688,2025-01-08,2567,T-Shirt,2,0.05,Visakhapatnam,Cash on Delivery,Clothing,900,1710.0
10689,2025-05-02,2027,Mixer Grinder,5,0.0,Kolkata,UPI,Home & Kitchen,3800,19000.0
10690,2025-12-14,2630,T-Shirt,1,0.05,Ahmedabad,UPI,Clothing,900,855.0
10691,2025-06-13,2733,Mixer Grinder,1,0.05,Delhi,Credit Card,Home & Kitchen,3800,3610.0
10692,2025-03-31,2231,Backpack,3,0.05,Kolkata,UPI,Accessories,1400,3990.0
10693,2025-05-16,2565,Headphones,5,0.05,Bengaluru,Net Banking,Electronics,2500,11875.0
10694,2025-07-05,2321,Jeans,1,0.0,Visakhapatnam,Credit Card,Clothing,1800,1800.0
10695,2025-11-12,2233,Mixer Grinder,3,0.05,Chennai,UPI,Home & Kitchen,3800,10830.0
10696,2025-06-27,2670,Desk,4,0.05,Bengaluru,UPI,Furniture,12000,45600.0
10697,2025-01-28,2437,Smartphone,5,0.0,Kolkata,Net Banking,Electronics,28000,140000.0
10698,2025-08-08,2781,Backpack,4,0.05,Kolkata,Debit Card,Accessories,1400,5320.0
10699,2025-12-23,2533,Smartwatch,1,0.15,Visakhapatnam,Debit Card,Electronics,6500,5525.0
10700,2025-02-10,2403,Laptop,5,0.15,Pune,UPI,Electronics,55000,233750.0
10701,2025-08-16,2053,T-Shirt,3,0.05,Mumbai,Cash on Delivery,Clothing,900,2565.0
10702,2025-07-11,2787,Headphones,1,0.05,Chennai,Credit Card,Electronics,2500,2375.0
10703,2025-05-25,2313,Office Chair,5,0.0,Bengaluru,Debit Card,Furniture,8500,42500.0
10704,2025-07-20,2281,Smartwatch,5,0.1,Ahmedabad,Net Banking,Electronics,6500,29250.0
10705,2025-07-31,2726,Office Chair,4,0.05,Vijayawada,UPI,Furniture,8500,32300.0
10706,2025-08-08,2031,Laptop,1,0.05,Pune,Credit Card,Electronics,55000,52250.0
10707,2025-08-28,2337,Headphones,3,0.15,Chennai,UPI,Electronics,2500,6375.0
10708,2025-02-15,2183,Headphones,3,0.05,Vijayawada,Credit Card,Electronics,2500,7125.0
10709,2025-02-04,2023,Headphones,1,0.0,Mumbai,UPI,Electronics,2500,2500.0
10710,2025-09-10,2544,Laptop,1,0.0,Vijayawada,Net Banking,Electronics,55000,55000.0
10711,2025-03-23,2446,Headphones,2,0.05,Ahmedabad,Credit Card,Electronics,2500,4750.0
10712,2025-09-13,2074,Jeans,4,0.05,Vijayawada,Debit Card,Clothing,1800,6840.0
10713,2025-07-16,2010,Headphones,1,0.15,Pune,Cash on Delivery,Electronics,2500,2125.0
10714,2025-10-30,2484,T-Shirt,1,0.05,Hyderabad,Net Banking,Clothing,900,855.0
10715,2025-01-10,2456,Smartwatch,2,0.1,Pune,Credit Card,Electronics,6500,11700.0
10716,2025-11-08,2566,Desk,2,0.05,Ahmedabad,Credit Card,Furniture,12000,22800.0
10717,2025-10-13,2564,Coffee Maker,5,0.05,Bengaluru,UPI,Home & Kitchen,4500,21375.0
10718,2025-08-30,2660,T-Shirt,3,0.05,Hyderabad,UPI,Clothing,900,2565.0
10719,2025-09-08,2160,Smartwatch,4,0.05,Mumbai,Debit Card,Electronics,6500,24700.0
10720,2025-12-31,2014,Smartphone,5,0.05,Pune,UPI,Electronics,28000,133000.0
10721,2025-01-05,2178,Mixer Grinder,1,0.0,Hyderabad,Credit Card,Home & Kitchen,3800,3800.0
10722,2025-04-29,2412,Laptop,2,0.15,Kolkata,UPI,Electronics,55000,93500.0
10723,2025-10-16,2053,Headphones,3,0.05,Pune,Debit Card,Electronics,2500,7125.0
10724,2025-03-06,2408,Headphones,5,0.0,Hyderabad,Credit Card,Electronics,2500,12500.0
10725,2025-05-26,2022,Smartwatch,3,0.0,Visakhapatnam,UPI,Electronics,6500,19500.0
10726,2025-08-12,2030,Smartphone,2,0.0,Bengaluru,UPI,Electronics,28000,56000.0
10727,2025-08-27,2703,Office Chair,5,0.05,Chennai,Credit Card,Furniture,8500,40375.0
10728,2025-06-26,2260,Smartphone,5,0.0,Vijayawada,Debit Card,Electronics,28000,140000.0
10729,2025-09-24,2205,Sneakers,3,0.0,Hyderabad,Credit Card,Clothing,3200,9600.0
10730,2025-12-07,2059,Smartphone,2,0.05,Chennai,Cash on Delivery,Electronics,28000,53200.0
10731,2025-10-09,2471,Laptop,1,0.1,Pune,UPI,Electronics,55000,49500.0
10732,2025-03-04,2776,Coffee Maker,5,0.0,Chennai,UPI,Home & Kitchen,4500,22500.0
10733,2025-08-05,2466,Headphones,1,0.05,Kolkata,UPI,Electronics,2500,2375.0
10734,2025-12-08,2012,Office Chair,2,0.1,Delhi,Credit Card,Furniture,8500,15300.0
10735,2025-11-11,2631,Jeans,5,0.2,Delhi,Debit Card,Clothing,1800,7200.0
10736,2025-10-10,2290,Laptop,5,0.1,Bengaluru,UPI,Electronics,55000,247500.0
10737,2025-06-26,2760,Mixer Grinder,1,0.0,Hyderabad,Debit Card,Home & Kitchen,3800,3800.0
10738,2025-04-08,2354,Headphones,4,0.1,Kolkata,Credit Card,Electronics,2500,9000.0
10739,2025-04-15,2639,Desk,1,0.1,Vijayawada,Net Banking,Furniture,12000,10800.0
10740,2025-04-09,2075,Smartphone,1,0.0,Mumbai,Debit Card,Electronics,28000,28000.0
10741,2025-11-07,2716,Desk,4,0.15,Ahmedabad,Debit Card,Furniture,12000,40800.0
10742,2025-01-06,2561,Laptop,2,0.05,Bengaluru,Credit Card,Electronics,55000,104500.0
10743,2025-07-16,2591,T-Shirt,2,0.2,Ahmedabad,Net Banking,Clothing,900,1440.0
10744,2025-12-17,2441,Backpack,5,0.1,Delhi,Net Banking,Accessories,1400,6300.0
10745,2025-05-13,2241,Coffee Maker,3,0.1,Visakhapatnam,Credit Card,Home & Kitchen,4500,12150.0
10746,2025-12-24,2154,Coffee Maker,3,0.1,Mumbai,Credit Card,Home & Kitchen,4500,12150.0
10747,2025-09-16,2786,Office Chair,5,0.05,Mumbai,Credit Card,Furniture,8500,40375.0
10748,2025-01-23,2096,Desk,3,0.05,Ahmedabad,Credit Card,Furniture,12000,34200.0
10749,2025-02-22,2726,Headphones,1,0.15,Visakhapatnam,Credit Card,Electronics,2500,2125.0
10750,2025-06-14,2294,Headphones,1,0.1,Pune,UPI,Electronics,2500,2250.0
10751,2025-07-21,2209,Headphones,4,0.15,Chennai,Net Banking,Electronics,2500,8500.0
10752,2025-03-24,2343,Smartwatch,4,0.15,Bengaluru,Credit Card,Electronics,6500,22100.0
10753,2025-05-25,2088,Smartwatch,5,0.2,Kolkata,Cash on Delivery,Electronics,6500,26000.0
10754,2025-03-26,2776,Jeans,5,0.1,Mumbai,Credit Card,Clothing,1800,8100.0
10755,2025-03-19,2390,Smartphone,5,0.05,Ahmedabad,Debit Card,Electronics,28000,133000.0
10756,2025-01-01,2325,Sneakers,1,0.0,Chennai,UPI,Clothing,3200,3200.0
10757,2025-02-20,2157,Smartphone,3,0.1,Delhi,Debit Card,Electronics,28000,75600.0
10758,2025-06-22,2668,Smartwatch,5,0.0,Kolkata,Credit Card,Electronics,6500,32500.0
10759,2025-07-24,2651,T-Shirt,5,0.0,Ahmedabad,UPI,Clothing,900,4500.0
10760,2025-09-17,2633,Office Chair,1,0.0,Bengaluru,Cash on Delivery,Furniture,8500,8500.0
10761,2025-10-15,2577,Backpack,1,0.15,Vijayawada,UPI,Accessories,1400,1190.0
10762,2025-02-03,2619,Sneakers,1,0.15,Mumbai,Credit Card,Clothing,3200,2720.0
10763,2025-12-14,2659,Smartphone,3,0.1,Delhi,UPI,Electronics,28000,75600.0
10764,2025-04-05,2137,Jeans,5,0.05,Bengaluru,Cash on Delivery,Clothing,1800,8550.0
10765,2025-03-13,2674,Smartphone,2,0.1,Hyderabad,UPI,Electronics,28000,50400.0
10766,2025-02-08,2428,Smartwatch,2,0.1,Delhi,Debit Card,Electronics,6500,11700.0
10767,2025-06-03,2452,T-Shirt,5,0.05,Kolkata,UPI,Clothing,900,4275.0
10768,2025-09-07,2612,Laptop,5,0.05,Hyderabad,Credit Card,Electronics,55000,261250.0
10769,2025-06-11,2141,Headphones,5,0.05,Delhi,Cash on Delivery,Electronics,2500,11875.0
10770,2025-04-28,2083,Mixer Grinder,5,0.1,Ahmedabad,UPI,Home & Kitchen,3800,17100.0
10771,2025-09-16,2177,Mixer Grinder,3,0.1,Vijayawada,Debit Card,Home & Kitchen,3800,10260.0
10772,2025-11-02,2198,Smartwatch,2,0.05,Chennai,UPI,Electronics,6500,12350.0
10773,2025-09-25,2624,Laptop,4,0.2,Vijayawada,Credit Card,Electronics,55000,176000.0
10774,2025-02-23,2568,Smartphone,2,0.0,Vijayawada,Credit Card,Electronics,28000,56000.0
10775,2025-08-24,2691,Smartwatch,2,0.05,Ahmedabad,Credit Card,Electronics,6500,12350.0
10776,2025-08-10,2421,Mixer Grinder,1,0.05,Visakhapatnam,Debit Card,Home & Kitchen,3800,3610.0
10777,2025-09-08,2401,Smartphone,5,0.0,Delhi,Debit Card,Electronics,28000,140000.0
10778,2025-11-09,2698,Backpack,5,0.05,Chennai,UPI,Accessories,1400,6650.0
10779,2025-04-22,2471,Smartphone,5,0.0,Pune,Credit Card,Electronics,28000,140000.0
10780,2025-09-12,2218,Mixer Grinder,1,0.05,Ahmedabad,UPI,Home & Kitchen,3800,3610.0
10781,2025-10-30,2729,Smartwatch,3,0.05,Visakhapatnam,Cash on Delivery,Electronics,6500,18525.0
10782,2025-07-26,2632,Backpack,3,0.1,Ahmedabad,Cash on Delivery,Accessories,1400,3780.0
10783,2025-08-17,2175,Smartwatch,4,0.05,Visakhapatnam,UPI,Electronics,6500,24700.0
10784,2025-12-07,2023,Sneakers,3,0.0,Vijayawada,UPI,Clothing,3200,9600.0
10785,2025-03-07,2725,Headphones,3,0.1,Mumbai,UPI,Electronics,2500,6750.0
10786,2025-03-16,2235,Smartphone,5,0.0,Mumbai,Net Banking,Electronics,28000,140000.0
10787,2025-04-13,2013,Coffee Maker,2,0.15,Hyderabad,Cash on Delivery,Home & Kitchen,4500,7650.0
10788,2025-07-11,2101,Coffee Maker,3,0.15,Pune,UPI,Home & Kitchen,4500,11475.0
10789,2025-09-09,2536,Desk,3,0.05,Chennai,Credit Card,Furniture,12000,34200.0
10790,2025-08-14,2523,Sneakers,1,0.15,Visakhapatnam,UPI,Clothing,3200,2720.0
10791,2025-10-21,2785,Office Chair,4,0.1,Delhi,Credit Card,Furniture,8500,30600.0
10792,2025-11-02,2452,Laptop,1,0.15,Vijayawada,Debit Card,Electronics,55000,46750.0
10793,2025-04-08,2431,Smartwatch,5,0.1,Kolkata,Credit Card,Electronics,6500,29250.0
10794,2025-12-04,2793,Smartwatch,2,0.0,Delhi,Cash on Delivery,Electronics,6500,13000.0
10795,2025-10-13,2606,Sneakers,4,0.15,Delhi,Credit Card,Clothing,3200,10880.0
10796,2025-12-01,2713,Smartwatch,1,0.0,Visakhapatnam,UPI,Electronics,6500,6500.0
10797,2025-12-13,2533,Smartphone,3,0.0,Chennai,Debit Card,Electronics,28000,84000.0
10798,2025-11-04,2723,Jeans,3,0.0,Vijayawada,Credit Card,Clothing,1800,5400.0
10799,2025-09-06,2652,Office Chair,4,0.05,Vijayawada,Net Banking,Furniture,8500,32300.0
10800,2025-06-15,2293,Smartwatch,3,0.05,Chennai,Credit Card,Electronics,6500,18525.0
10801,2025-12-01,2101,Smartphone,1,0.1,Mumbai,Credit Card,Electronics,28000,25200.0
10802,2025-01-30,2502,Headphones,1,0.15,Bengaluru,Debit Card,Electronics,2500,2125.0
10803,2025-09-04,2304,Headphones,3,0.0,Hyderabad,Credit Card,Electronics,2500,7500.0
10804,2025-04-16,2540,Headphones,3,0.2,Ahmedabad,UPI,Electronics,2500,6000.0
10805,2025-02-20,2553,Sneakers,5,0.15,Hyderabad,Net Banking,Clothing,3200,13600.0
10806,2025-03-22,2355,Jeans,2,0.0,Mumbai,UPI,Clothing,1800,3600.0
10807,2025-05-13,2303,Sneakers,4,0.05,Visakhapatnam,UPI,Clothing,3200,12160.0
10808,2025-10-12,2496,Smartwatch,1,0.15,Visakhapatnam,Cash on Delivery,Electronics,6500,5525.0
10809,2025-05-18,2658,Office Chair,4,0.1,Pune,UPI,Furniture,8500,30600.0
10810,2025-07-03,2768,Headphones,5,0.1,Hyderabad,UPI,Electronics,2500,11250.0
10811,2025-11-26,2227,T-Shirt,1,0.1,Hyderabad,Credit Card,Clothing,900,810.0
10812,2025-09-30,2236,Office Chair,5,0.05,Ahmedabad,UPI,Furniture,8500,40375.0
10813,2025-12-06,2455,Headphones,5,0.0,Visakhapatnam,Net Banking,Electronics,2500,12500.0
10814,2025-03-10,2013,Smartphone,3,0.1,Delhi,Credit Card,Electronics,28000,75600.0
10815,2025-02-03,2210,Desk,4,0.0,Hyderabad,Credit Card,Furniture,12000,48000.0
10816,2025-09-19,2741,Smartwatch,4,0.1,Ahmedabad,UPI,Electronics,6500,23400.0
10817,2025-02-22,2397,Sneakers,3,0.15,Chennai,UPI,Clothing,3200,8160.0
10818,2025-07-24,2100,Laptop,4,0.1,Kolkata,Debit Card,Electronics,55000,198000.0
10819,2025-05-06,2031,Sneakers,3,0.2,Chennai,Credit Card,Clothing,3200,7680.0
10820,2025-08-23,2528,Smartwatch,1,0.05,Ahmedabad,Cash on Delivery,Electronics,6500,6175.0
10821,2025-02-12,2649,Laptop,5,0.1,Delhi,UPI,Electronics,55000,247500.0
10822,2025-08-28,2329,Jeans,5,0.1,Pune,Debit Card,Clothing,1800,8100.0
10823,2025-04-21,2166,Headphones,4,0.2,Visakhapatnam,UPI,Electronics,2500,8000.0
10824,2025-09-06,2459,Smartwatch,2,0.1,Pune,Credit Card,Electronics,6500,11700.0
10825,2025-05-31,2100,Smartphone,5,0.0,Pune,Debit Card,Electronics,28000,140000.0
10826,2025-07-02,2621,Smartphone,3,0.2,Ahmedabad,UPI,Electronics,28000,67200.0
10827,2025-12-02,2173,Headphones,2,0.1,Visakhapatnam,Credit Card,Electronics,2500,4500.0
10828,2025-04-05,2749,Smartphone,2,0.0,Vijayawada,UPI,Electronics,28000,56000.0
10829,2025-01-08,2162,Coffee Maker,5,0.1,Kolkata,Credit Card,Home & Kitchen,4500,20250.0
10830,2025-12-26,2728,Laptop,5,0.15,Hyderabad,Debit Card,Electronics,55000,233750.0
10831,2025-07-03,2776,T-Shirt,5,0.1,Pune,UPI,Clothing,900,4050.0
10832,2025-10-08,2263,Smartphone,3,0.05,Chennai,Net Banking,Electronics,28000,79800.0
10833,2025-07-14,2274,Headphones,2,0.15,Vijayawada,Credit Card,Electronics,2500,4250.0
10834,2025-12-18,2003,Coffee Maker,4,0.1,Vijayawada,Net Banking,Home & Kitchen,4500,16200.0
10835,2025-07-14,2028,Smartphone,3,0.05,Delhi,UPI,Electronics,28000,79800.0
10836,2025-06-04,2326,Mixer Grinder,1,0.0,Pune,Net Banking,Home & Kitchen,3800,3800.0
10837,2025-04-03,2149,Headphones,5,0.0,Pune,UPI,Electronics,2500,12500.0
10838,2025-06-09,2540,Backpack,2,0.1,Bengaluru,Credit Card,Accessories,1400,2520.0
10839,2025-03-02,2488,Jeans,3,0.15,Ahmedabad,Net Banking,Clothing,1800,4590.0
10840,2025-05-02,2438,Desk,1,0.0,Delhi,UPI,Furniture,12000,12000.0
10841,2025-02-20,2065,Jeans,3,0.05,Vijayawada,UPI,Clothing,1800,5130.0
10842,2025-10-04,2356,Jeans,3,0.0,Vijayawada,Cash on Delivery,Clothing,1800,5400.0
10843,2025-01-05,2533,Headphones,4,0.1,Bengaluru,Credit Card,Electronics,2500,9000.0
10844,2025-04-02,2252,Smartphone,4,0.0,,Credit Card,Electronics,28000,112000.0
10845,2025-06-19,2235,Coffee Maker,3,0.0,Mumbai,UPI,Home & Kitchen,4500,13500.0
10846,2025-11-13,2227,Smartwatch,1,0.0,Chennai,Debit Card,Electronics,6500,6500.0
10847,2025-01-22,2525,Smartwatch,2,0.1,Mumbai,UPI,Electronics,6500,11700.0
10848,2025-11-22,2313,Backpack,2,0.05,Pune,Net Banking,Accessories,1400,2660.0
10849,2025-01-01,2049,Smartwatch,5,0.0,Visakhapatnam,Debit Card,Electronics,6500,32500.0
10850,2025-05-13,2118,Mixer Grinder,5,0.15,Delhi,Debit Card,Home & Kitchen,3800,16150.0
10851,2025-08-21,2054,Backpack,2,0.0,Pune,UPI,Accessories,1400,2800.0
10852,2025-01-12,2650,Jeans,3,0.05,Hyderabad,Cash on Delivery,Clothing,1800,5130.0
10853,2025-12-12,2565,Desk,3,0.15,Mumbai,Credit Card,Furniture,12000,30600.0
10854,2025-02-15,2044,Laptop,4,0.05,Pune,Cash on Delivery,Electronics,55000,209000.0
10855,2025-02-03,2053,Headphones,4,0.1,Chennai,UPI,Electronics,2500,9000.0
10856,2025-03-19,2586,T-Shirt,5,0.0,Vijayawada,Debit Card,Clothing,900,4500.0
10857,2025-08-06,2558,Headphones,2,0.1,Ahmedabad,Credit Card,Electronics,2500,4500.0
10858,2025-10-28,2525,Backpack,3,0.05,Kolkata,UPI,Accessories,1400,3990.0
10859,2025-03-14,2677,Coffee Maker,2,0.15,Pune,Credit Card,Home & Kitchen,4500,7650.0
10860,2025-10-09,2102,T-Shirt,1,0.0,Hyderabad,UPI,Clothing,900,900.0
10861,2025-09-06,2792,Smartwatch,2,0.05,Delhi,UPI,Electronics,6500,12350.0
10862,2025-02-16,2770,Mixer Grinder,1,0.1,Visakhapatnam,Credit Card,Home & Kitchen,3800,3420.0
10863,2025-05-01,2398,T-Shirt,4,0.2,Chennai,Credit Card,Clothing,900,2880.0
10864,2025-08-02,2138,T-Shirt,4,0.0,Bengaluru,Debit Card,Clothing,900,3600.0
10865,2025-08-27,2675,Smartwatch,5,0.15,Hyderabad,Credit Card,Electronics,6500,27625.0
10866,2025-02-25,2387,Coffee Maker,2,0.05,Mumbai,UPI,Home & Kitchen,4500,8550.0
10867,2025-12-16,2111,Jeans,2,0.1,Ahmedabad,Debit Card,Clothing,1800,3240.0
10868,2025-04-17,2614,Backpack,1,0.0,Mumbai,Net Banking,Accessories,1400,1400.0
10869,2025-11-15,2017,Office Chair,4,0.1,Vijayawada,UPI,Furniture,8500,30600.0
10870,2025-02-17,2780,Smartwatch,1,0.05,Ahmedabad,UPI,Electronics,6500,6175.0
10871,2025-03-02,2182,T-Shirt,4,0.05,Mumbai,Credit Card,Clothing,900,3420.0
10872,2025-12-03,2536,Desk,1,0.0,Delhi,Debit Card,Furniture,12000,12000.0
10873,2025-01-26,2541,Smartwatch,4,0.0,Mumbai,Debit Card,Electronics,6500,26000.0
10874,2025-10-19,2171,Office Chair,1,0.15,Chennai,Debit Card,Furniture,8500,7225.0
10875,2025-09-14,2409,Mixer Grinder,4,0.2,Chennai,UPI,Home & Kitchen,3800,12160.0
10876,2025-01-08,2740,Sneakers,1,0.1,Kolkata,Cash on Delivery,Clothing,3200,2880.0
10877,2025-04-23,2378,Backpack,2,0.0,Mumbai,Credit Card,Accessories,1400,2800.0
10878,2025-12-21,2188,Office Chair,5,0.05,Delhi,UPI,Furniture,8500,40375.0
10879,2025-09-10,2230,Desk,1,0.1,Delhi,UPI,Furniture,12000,10800.0
10880,2025-06-29,2119,Smartwatch,5,0.2,Pune,Credit Card,Electronics,6500,26000.0
10881,2025-07-26,2156,Laptop,2,0.05,Visakhapatnam,Debit Card,Electronics,55000,104500.0
10882,2025-10-30,2784,T-Shirt,2,0.15,Ahmedabad,Debit Card,Clothing,900,1530.0
10883,2025-05-07,2687,Sneakers,4,0.2,Hyderabad,Net Banking,Clothing,3200,10240.0
10884,2025-02-25,2465,T-Shirt,5,0.15,Bengaluru,UPI,Clothing,900,3825.0
10885,2025-08-02,2104,Backpack,3,0.0,Ahmedabad,Net Banking,Accessories,1400,4200.0
10886,2025-01-14,2604,Smartwatch,4,0.0,Ahmedabad,Debit Card,Electronics,6500,26000.0
10887,2025-01-28,2698,Sneakers,5,0.05,Vijayawada,Credit Card,Clothing,3200,15200.0
10888,2025-03-19,2795,Headphones,1,0.05,Ahmedabad,Cash on Delivery,Electronics,2500,2375.0
10889,2025-08-04,2502,Backpack,1,0.0,Vijayawada,Debit Card,Accessories,1400,1400.0
10890,2025-12-31,2693,Jeans,2,0.0,Pune,UPI,Clothing,1800,3600.0
10891,2025-06-03,2682,Headphones,3,0.1,Visakhapatnam,Cash on Delivery,Electronics,2500,6750.0
10892,2025-01-14,2699,Headphones,1,0.05,Delhi,Debit Card,Electronics,2500,2375.0
10893,2025-07-06,2175,Backpack,5,0.05,Kolkata,Debit Card,Accessories,1400,6650.0
10894,2025-11-08,2734,T-Shirt,5,0.1,Delhi,Cash on Delivery,Clothing,900,4050.0
10895,2025-01-07,2745,Headphones,1,0.1,Mumbai,Credit Card,Electronics,2500,2250.0
10896,2025-01-03,2674,Mixer Grinder,5,0.1,Bengaluru,Debit Card,Home & Kitchen,3800,17100.0
10897,2025-04-21,2421,Backpack,5,0.0,Visakhapatnam,Debit Card,Accessories,1400,7000.0
10898,2025-08-26,2134,Mixer Grinder,2,0.1,Visakhapatnam,Credit Card,Home & Kitchen,3800,6840.0
10899,2025-12-29,2391,T-Shirt,3,0.1,Pune,UPI,Clothing,900,2430.0
10900,2025-08-27,2736,T-Shirt,2,0.0,Bengaluru,Cash on Delivery,Clothing,900,1800.0
10901,2025-10-01,2501,Coffee Maker,3,0.1,Mumbai,UPI,Home & Kitchen,4500,12150.0
10902,2025-10-21,2665,Jeans,5,0.05,Mumbai,Debit Card,Clothing,1800,8550.0
10903,2025-08-15,2033,Backpack,3,0.05,Kolkata,Net Banking,Accessories,1400,3990.0
10904,2025-01-15,2055,Headphones,5,0.05,Hyderabad,UPI,Electronics,2500,11875.0
10905,2025-07-11,2519,T-Shirt,5,0.05,Delhi,UPI,Clothing,900,4275.0
10906,2025-04-29,2756,Smartphone,2,0.05,Ahmedabad,UPI,Electronics,28000,53200.0
10907,2025-01-28,2638,Headphones,2,0.15,Bengaluru,Credit Card,Electronics,2500,4250.0
10908,2025-07-21,2012,Laptop,4,0.0,Mumbai,Net Banking,Electronics,55000,220000.0
10909,2025-02-08,2528,Laptop,1,0.2,Mumbai,Credit Card,Electronics,55000,44000.0
10910,2025-09-30,2720,Mixer Grinder,4,0.1,Hyderabad,UPI,Home & Kitchen,3800,13680.0
10911,2025-08-19,2555,Headphones,4,0.0,Visakhapatnam,Debit Card,Electronics,2500,10000.0
10912,2025-03-27,2373,Sneakers,3,0.0,Mumbai,Debit Card,Clothing,3200,9600.0
10913,2025-05-06,2484,Office Chair,5,0.1,Kolkata,Credit Card,Furniture,8500,38250.0
10914,2025-10-27,2647,Jeans,5,0.1,Mumbai,Debit Card,Clothing,1800,8100.0
10915,2025-01-25,2228,Smartphone,5,0.0,Mumbai,UPI,Electronics,28000,140000.0
10916,2025-05-25,2623,Backpack,1,0.0,Hyderabad,Cash on Delivery,Accessories,1400,1400.0
10917,2025-01-13,2307,Jeans,3,0.1,Kolkata,UPI,Clothing,1800,4860.0
10918,2025-07-31,2457,Backpack,3,0.0,Chennai,UPI,Accessories,1400,4200.0
10919,2025-01-25,2160,Backpack,5,0.15,Vijayawada,Cash on Delivery,Accessories,1400,5950.0
10920,2025-03-09,2331,Mixer Grinder,4,0.1,Hyderabad,Credit Card,Home & Kitchen,3800,13680.0
10921,2025-03-08,2776,Jeans,1,0.05,Visakhapatnam,UPI,Clothing,1800,1710.0
10922,2025-08-21,2225,Smartwatch,4,0.05,Visakhapatnam,Net Banking,Electronics,6500,24700.0
10923,2025-04-19,2729,Sneakers,2,0.0,Bengaluru,Debit Card,Clothing,3200,6400.0
10924,2025-05-26,2504,Laptop,3,0.15,Hyderabad,UPI,Electronics,55000,140250.0
10925,2025-04-21,2456,Coffee Maker,3,0.0,Pune,Debit Card,Home & Kitchen,4500,13500.0
10926,2025-08-16,2045,Smartphone,4,0.05,Hyderabad,Cash on Delivery,Electronics,28000,106400.0
10927,2025-04-21,2214,Smartwatch,1,0.1,Chennai,Debit Card,Electronics,6500,5850.0
10928,2025-02-03,2059,Office Chair,3,0.0,Mumbai,UPI,Furniture,8500,25500.0
10929,2025-04-21,2644,Jeans,4,0.05,Hyderabad,Debit Card,Clothing,1800,6840.0
10930,2025-09-21,2616,Smartwatch,1,0.15,Pune,Debit Card,Electronics,6500,5525.0
10931,2025-08-24,2195,T-Shirt,4,0.05,Ahmedabad,Cash on Delivery,Clothing,900,3420.0
10932,2025-03-24,2489,Desk,1,0.15,Pune,UPI,Furniture,12000,10200.0
10933,2025-02-11,2157,Smartwatch,5,0.15,Visakhapatnam,Debit Card,Electronics,6500,27625.0
10934,2025-04-11,2610,Desk,1,0.05,Chennai,UPI,Furniture,12000,11400.0
10935,2025-01-06,2226,Smartphone,2,0.05,Mumbai,Debit Card,Electronics,28000,53200.0
10936,2025-06-29,2412,Backpack,5,0.05,Pune,Net Banking,Accessories,1400,6650.0
10937,2025-10-09,2205,Desk,4,0.1,Chennai,UPI,Furniture,12000,43200.0
10938,2025-11-16,2079,Headphones,5,0.0,Ahmedabad,UPI,Electronics,2500,12500.0
10939,2025-08-14,2124,T-Shirt,5,0.2,Kolkata,Credit Card,Clothing,900,3600.0
10940,2025-11-11,2471,Smartphone,4,0.1,Kolkata,Debit Card,Electronics,28000,100800.0
10941,2025-12-31,2218,Backpack,4,0.05,Kolkata,UPI,Accessories,1400,5320.0
10942,2025-08-17,2516,Jeans,2,0.1,Ahmedabad,Debit Card,Clothing,1800,3240.0
10943,2025-10-16,2602,Sneakers,4,0.05,Mumbai,Cash on Delivery,Clothing,3200,12160.0
10944,2025-05-30,2104,Headphones,3,0.15,Vijayawada,Debit Card,Electronics,2500,6375.0
10945,2025-10-04,2393,Headphones,3,0.1,Vijayawada,Debit Card,Electronics,2500,6750.0
10946,2025-07-17,2631,Laptop,2,0.0,Chennai,Credit Card,Electronics,55000,110000.0
10947,2025-03-11,2645,Smartwatch,1,0.0,Kolkata,Net Banking,Electronics,6500,6500.0
10948,2025-04-22,2608,Jeans,1,0.15,Visakhapatnam,UPI,Clothing,1800,1530.0
10949,2025-01-04,2434,Desk,3,0.1,Mumbai,UPI,Furniture,12000,32400.0
10950,2025-12-16,2331,Sneakers,4,0.2,Vijayawada,UPI,Clothing,3200,10240.0
10951,2025-11-27,2143,T-Shirt,2,0.0,Hyderabad,Debit Card,Clothing,900,1800.0
10952,2025-11-14,2800,Mixer Grinder,1,0.0,Bengaluru,Cash on Delivery,Home & Kitchen,3800,3800.0
10953,2025-12-16,2540,Backpack,1,0.0,Delhi,UPI,Accessories,1400,1400.0
10954,2025-04-05,2278,Coffee Maker,5,0.1,Ahmedabad,Cash on Delivery,Home & Kitchen,4500,20250.0
10955,2025-06-01,2233,Jeans,3,0.05,Ahmedabad,Cash on Delivery,Clothing,1800,5130.0
10956,2025-11-07,2529,Headphones,4,0.0,Vijayawada,Credit Card,Electronics,2500,10000.0
10957,2025-05-17,2571,Laptop,2,0.1,Ahmedabad,Cash on Delivery,Electronics,55000,99000.0
10958,2025-09-04,2090,Backpack,1,0.05,Kolkata,UPI,Accessories,1400,1330.0
10959,2025-08-31,2492,Smartphone,5,0.0,Delhi,UPI,Electronics,28000,140000.0
10960,2025-01-31,2199,Headphones,3,0.05,Visakhapatnam,Cash on Delivery,Electronics,2500,7125.0
10961,2025-02-09,2362,Jeans,3,0.1,Hyderabad,Credit Card,Clothing,1800,4860.0
10962,2025-08-17,2441,Jeans,2,0.0,Chennai,UPI,Clothing,1800,3600.0
10963,2025-02-05,2026,Jeans,1,0.0,Delhi,Debit Card,Clothing,1800,1800.0
10964,2025-08-11,2025,Smartphone,2,0.05,Visakhapatnam,Cash on Delivery,Electronics,28000,53200.0
10965,2025-01-06,2394,Smartwatch,2,0.1,Ahmedabad,Debit Card,Electronics,6500,11700.0
10966,2025-11-18,2507,Jeans,5,0.15,Vijayawada,UPI,Clothing,1800,7650.0
10967,2025-08-08,2301,Mixer Grinder,3,0.05,Pune,Credit Card,Home & Kitchen,3800,10830.0
10968,2025-03-16,2339,Backpack,4,0.0,Chennai,Debit Card,Accessories,1400,5600.0
10969,2025-01-04,2267,Coffee Maker,3,0.15,Mumbai,UPI,Home & Kitchen,4500,11475.0
10970,2025-12-01,2461,Backpack,3,0.2,Bengaluru,UPI,Accessories,1400,3360.0
10971,2025-05-14,2693,Jeans,5,0.1,Vijayawada,Credit Card,Clothing,1800,8100.0
10972,2025-04-28,2456,Headphones,4,0.2,Ahmedabad,Debit Card,Electronics,2500,8000.0
10973,2025-04-04,2360,Sneakers,1,0.1,Vijayawada,UPI,Clothing,3200,2880.0
10974,2025-03-03,2068,Sneakers,4,0.1,Kolkata,UPI,Clothing,3200,11520.0
10975,2025-07-13,2412,Jeans,1,0.05,Ahmedabad,UPI,Clothing,1800,1710.0
10976,2025-12-01,2491,T-Shirt,4,0.05,Vijayawada,UPI,Clothing,900,3420.0
10977,2025-07-22,2049,Jeans,2,0.0,Delhi,UPI,Clothing,1800,3600.0
10978,2025-01-26,2687,Smartwatch,4,0.15,Delhi,Credit Card,Electronics,6500,22100.0
10979,2025-06-22,2564,T-Shirt,5,0.15,Hyderabad,Credit Card,Clothing,900,3825.0
10980,2025-10-27,2102,Headphones,1,0.1,Hyderabad,Credit Card,Electronics,2500,2250.0
10981,2025-05-13,2216,Office Chair,3,0.05,Chennai,Credit Card,Furniture,8500,24225.0
10982,2025-11-22,2438,Headphones,5,0.0,Vijayawada,UPI,Electronics,2500,12500.0
10983,2025-04-28,2700,Smartphone,1,0.0,Hyderabad,Credit Card,Electronics,28000,28000.0
10984,2025-11-20,2569,T-Shirt,1,0.0,Kolkata,UPI,Clothing,900,900.0
10985,2025-10-02,2559,Sneakers,3,0.1,Visakhapatnam,UPI,Clothing,3200,8640.0
10986,2025-07-31,2159,T-Shirt,2,0.15,Hyderabad,UPI,Clothing,900,1530.0
10987,2025-08-13,2489,Headphones,5,0.0,Vijayawada,Net Banking,Electronics,2500,12500.0
10988,2025-01-20,2686,Jeans,3,0.0,Delhi,UPI,Clothing,1800,5400.0
10989,2025-04-23,2242,Smartwatch,3,0.1,Bengaluru,Net Banking,Electronics,6500,17550.0
10990,2025-05-20,2794,Coffee Maker,2,0.0,Pune,Credit Card,Home & Kitchen,4500,9000.0
10991,2025-02-16,2753,Coffee Maker,5,0.15,Mumbai,Credit Card,Home & Kitchen,4500,19125.0
10992,2025-01-01,2005,T-Shirt,3,0.05,Hyderabad,Cash on Delivery,Clothing,900,2565.0
10993,2025-03-31,2596,Smartwatch,2,0.0,Mumbai,UPI,Electronics,6500,13000.0
10994,2025-05-22,2361,Backpack,5,0.0,Pune,UPI,Accessories,1400,7000.0
10995,2025-11-16,2459,Laptop,4,0.0,Chennai,Net Banking,Electronics,55000,220000.0
10996,2025-02-07,2248,T-Shirt,1,0.1,Delhi,Credit Card,Clothing,900,810.0
10997,2025-10-20,2566,Smartwatch,2,0.0,Delhi,UPI,Electronics,6500,13000.0
10998,2025-05-19,2673,Coffee Maker,1,0.05,Pune,UPI,Home & Kitchen,4500,4275.0
10999,2025-12-22,2422,Laptop,4,0.05,Vijayawada,Net Banking,Electronics,55000,209000.0
11000,2025-11-29,2738,Jeans,3,0.0,Mumbai,Cash on Delivery,Clothing,1800,5400.0
11001,2025-09-16,2015,Backpack,3,0.0,Mumbai,Credit Card,Accessories,1400,4200.0
11002,2025-06-10,2736,T-Shirt,5,0.05,Pune,UPI,Clothing,900,4275.0
11003,2025-06-27,2573,Smartphone,2,0.1,Mumbai,Cash on Delivery,Electronics,28000,50400.0
11004,2025-01-10,2122,Mixer Grinder,2,0.15,Vijayawada,UPI,Home & Kitchen,3800,6460.0
11005,2025-09-18,2277,T-Shirt,5,0.0,Delhi,Credit Card,Clothing,900,4500.0
11006,2025-05-18,2558,Jeans,1,0.0,Chennai,Debit Card,Clothing,1800,1800.0
11007,2025-06-21,2453,Headphones,3,0.0,Kolkata,UPI,Electronics,2500,7500.0
11008,2025-01-13,2390,T-Shirt,3,0.05,Delhi,Debit Card,Clothing,900,2565.0
11009,2025-06-17,2294,T-Shirt,2,0.1,Visakhapatnam,Cash on Delivery,Clothing,900,1620.0
11010,2025-05-10,2574,Laptop,2,0.15,Visakhapatnam,Cash on Delivery,Electronics,55000,93500.0
11011,2025-03-25,2598,Smartphone,5,0.1,Delhi,Credit Card,Electronics,28000,126000.0
11012,2025-11-17,2446,Office Chair,4,0.0,Vijayawada,UPI,Furniture,8500,34000.0
11013,2025-11-15,2210,Headphones,1,0.05,Kolkata,UPI,Electronics,2500,2375.0
11014,2025-04-11,2590,Headphones,4,0.15,Chennai,UPI,Electronics,2500,8500.0
11015,2025-11-25,2714,T-Shirt,4,0.05,Mumbai,Credit Card,Clothing,900,3420.0
11016,2025-09-30,2302,Backpack,2,0.05,Visakhapatnam,Credit Card,Accessories,1400,2660.0
11017,2025-09-22,2223,Laptop,2,0.2,Visakhapatnam,UPI,Electronics,55000,88000.0
11018,2025-02-07,2734,Jeans,2,0.1,Visakhapatnam,UPI,Clothing,1800,3240.0
11019,2025-04-04,2003,Smartphone,4,0.1,Ahmedabad,UPI,Electronics,28000,100800.0
11020,2025-04-05,2518,Laptop,1,0.0,Vijayawada,Credit Card,Electronics,55000,55000.0
11021,2025-11-01,2093,Laptop,2,0.05,Delhi,Credit Card,Electronics,55000,104500.0
11022,2025-03-10,2520,Office Chair,3,0.0,Kolkata,Credit Card,Furniture,8500,25500.0
11023,2025-11-14,2428,Smartphone,1,0.1,Delhi,Debit Card,Electronics,28000,25200.0
11024,2025-08-24,2493,Laptop,3,0.0,Ahmedabad,Debit Card,Electronics,55000,165000.0
11025,2025-11-30,2235,T-Shirt,1,0.15,Visakhapatnam,Credit Card,Clothing,900,765.0
11026,2025-05-17,2620,Desk,2,0.15,Pune,UPI,Furniture,12000,20400.0
11027,2025-03-17,2161,Headphones,5,0.05,Ahmedabad,Credit Card,Electronics,2500,11875.0
11028,2025-02-04,2721,T-Shirt,2,0.0,Vijayawada,Credit Card,Clothing,900,1800.0
11029,2025-01-01,2752,Laptop,4,0.0,Chennai,UPI,Electronics,55000,220000.0
11030,2025-10-23,2331,T-Shirt,4,0.1,Mumbai,Net Banking,Clothing,900,3240.0
11031,2025-11-16,2333,Jeans,1,0.1,Bengaluru,UPI,Clothing,1800,1620.0
11032,2025-03-01,2050,Jeans,4,0.1,Kolkata,Debit Card,Clothing,1800,6480.0
11033,2025-11-16,2523,Smartwatch,2,0.05,Ahmedabad,Credit Card,Electronics,6500,12350.0
11034,2025-12-15,2668,Smartwatch,3,0.05,Chennai,UPI,Electronics,6500,18525.0
11035,2025-11-24,2492,Smartphone,2,0.1,,UPI,Electronics,28000,50400.0
11036,2025-09-24,2582,Smartwatch,1,0.05,Chennai,Debit Card,Electronics,6500,6175.0
11037,2025-12-27,2681,Smartphone,4,0.1,Delhi,UPI,Electronics,28000,100800.0
11038,2025-08-17,2272,Backpack,3,0.1,Delhi,UPI,Accessories,1400,3780.0
11039,2025-09-27,2580,Mixer Grinder,5,0.0,Visakhapatnam,Net Banking,Home & Kitchen,3800,19000.0
11040,2025-11-12,2252,Mixer Grinder,3,0.0,Hyderabad,Credit Card,Home & Kitchen,3800,11400.0
11041,2025-10-13,2560,Desk,3,0.05,Mumbai,UPI,Furniture,12000,34200.0
11042,2025-10-18,2696,Jeans,2,0.0,Vijayawada,UPI,Clothing,1800,3600.0
11043,2025-08-01,2699,Backpack,5,0.1,Vijayawada,Credit Card,Accessories,1400,6300.0
11044,2025-06-14,2090,Headphones,1,0.1,Visakhapatnam,UPI,Electronics,2500,2250.0
11045,2025-01-05,2446,Sneakers,1,0.15,Delhi,UPI,Clothing,3200,2720.0
11046,2025-12-05,2332,T-Shirt,3,0.1,Visakhapatnam,Credit Card,Clothing,900,2430.0
11047,2025-03-19,2139,T-Shirt,3,0.0,Pune,UPI,Clothing,900,2700.0
11048,2025-03-03,2357,Backpack,4,0.0,Ahmedabad,Debit Card,Accessories,1400,5600.0
11049,2025-05-12,2601,Headphones,5,0.15,Ahmedabad,Debit Card,Electronics,2500,10625.0
11050,2025-03-30,2274,Smartwatch,3,0.0,Kolkata,UPI,Electronics,6500,19500.0
11051,2025-08-25,2019,Coffee Maker,4,0.1,Delhi,UPI,Home & Kitchen,4500,16200.0
11052,2025-02-11,2311,Laptop,5,0.1,Hyderabad,Credit Card,Electronics,55000,247500.0
11053,2025-03-30,2154,T-Shirt,1,0.05,Pune,Credit Card,Clothing,900,855.0
11054,2025-10-23,2390,Coffee Maker,4,0.05,Pune,UPI,Home & Kitchen,4500,17100.0
11055,2025-11-24,2260,Jeans,5,0.1,Delhi,UPI,Clothing,1800,8100.0
11056,2025-10-22,2620,Jeans,4,0.15,Ahmedabad,Net Banking,Clothing,1800,6120.0
11057,2025-04-14,2797,Headphones,3,0.0,Bengaluru,UPI,Electronics,2500,7500.0
11058,2025-01-14,2571,Smartwatch,2,0.15,Ahmedabad,Net Banking,Electronics,6500,11050.0
11059,2025-10-15,2125,Desk,1,0.1,Kolkata,UPI,Furniture,12000,10800.0
11060,2025-06-28,2354,Jeans,3,0.2,Kolkata,UPI,Clothing,1800,4320.0
11061,2025-05-05,2273,T-Shirt,3,0.0,Delhi,Credit Card,Clothing,900,2700.0
11062,2025-12-19,2619,Smartphone,5,0.0,Mumbai,UPI,Electronics,28000,140000.0
11063,2025-01-23,2245,Laptop,4,0.15,Mumbai,UPI,Electronics,55000,187000.0
11064,2025-03-04,2450,Mixer Grinder,1,0.15,Hyderabad,UPI,Home & Kitchen,3800,3230.0
11065,2025-05-23,2247,Smartwatch,3,0.05,Mumbai,Net Banking,Electronics,6500,18525.0
11066,2025-06-02,2520,Jeans,5,0.1,Chennai,Credit Card,Clothing,1800,8100.0
11067,2025-05-25,2141,Laptop,1,0.15,Chennai,Credit Card,Electronics,55000,46750.0
11068,2025-08-13,2362,Sneakers,4,0.0,Vijayawada,Debit Card,Clothing,3200,12800.0
11069,2025-11-05,2008,Coffee Maker,3,0.1,Chennai,Debit Card,Home & Kitchen,4500,12150.0
11070,2025-04-14,2478,Jeans,3,0.15,Bengaluru,Debit Card,Clothing,1800,4590.0
11071,2025-04-14,2352,Smartphone,3,0.05,Bengaluru,UPI,Electronics,28000,79800.0
11072,2025-02-08,2495,Jeans,1,0.05,Bengaluru,UPI,Clothing,1800,1710.0
11073,2025-07-17,2606,Backpack,1,0.1,Chennai,UPI,Accessories,1400,1260.0
11074,2025-05-14,2427,T-Shirt,1,0.05,Hyderabad,UPI,Clothing,900,855.0
11075,2025-03-08,2039,Desk,1,0.0,Ahmedabad,UPI,Furniture,12000,12000.0
11076,2025-06-28,2593,Sneakers,5,0.2,Delhi,UPI,Clothing,3200,12800.0
11077,2025-02-11,2187,Coffee Maker,2,0.1,Visakhapatnam,Net Banking,Home & Kitchen,4500,8100.0
11078,2025-01-15,2596,Sneakers,5,0.15,Vijayawada,Net Banking,Clothing,3200,13600.0
11079,2025-04-21,2600,Smartphone,3,0.15,Kolkata,UPI,Electronics,28000,71400.0
11080,2025-06-06,2754,Headphones,5,0.0,Pune,UPI,Electronics,2500,12500.0
11081,2025-10-16,2093,Headphones,4,0.0,Kolkata,UPI,Electronics,2500,10000.0
11082,2025-08-19,2086,Coffee Maker,1,0.05,Vijayawada,UPI,Home & Kitchen,4500,4275.0
11083,2025-06-06,2044,Backpack,4,0.05,Kolkata,UPI,Accessories,1400,5320.0
11084,2025-02-07,2137,Sneakers,4,0.1,Ahmedabad,Net Banking,Clothing,3200,11520.0
11085,2025-04-07,2421,Headphones,3,0.1,Kolkata,UPI,Electronics,2500,6750.0
11086,2025-10-16,2074,Headphones,1,0.05,Kolkata,UPI,Electronics,2500,2375.0
11087,2025-09-11,2548,Backpack,4,0.0,Ahmedabad,UPI,Accessories,1400,5600.0
11088,2025-07-15,2613,T-Shirt,3,0.05,Ahmedabad,Net Banking,Clothing,900,2565.0
11089,2025-03-27,2512,Headphones,1,0.05,Chennai,Net Banking,Electronics,2500,2375.0
11090,2025-11-18,2156,Jeans,2,0.05,Ahmedabad,Debit Card,Clothing,1800,3420.0
11091,2025-01-10,2255,Laptop,3,0.0,Visakhapatnam,Credit Card,Electronics,55000,165000.0
11092,2025-01-05,2171,Smartwatch,5,0.1,Mumbai,UPI,Electronics,6500,29250.0
11093,2025-05-03,2728,T-Shirt,1,0.0,Visakhapatnam,UPI,Clothing,900,900.0
11094,2025-11-26,2170,Smartphone,4,0.05,Kolkata,,Electronics,28000,106400.0
11095,2025-12-19,2764,Mixer Grinder,4,0.1,Visakhapatnam,Cash on Delivery,Home & Kitchen,3800,13680.0
11096,2025-04-28,2322,Headphones,5,0.0,Vijayawada,UPI,Electronics,2500,12500.0
11097,2025-10-21,2567,Smartphone,5,0.1,Delhi,UPI,Electronics,28000,126000.0
11098,2025-06-08,2456,Headphones,4,0.05,Mumbai,Credit Card,Electronics,2500,9500.0
11099,2025-10-30,2603,Backpack,1,0.0,Delhi,UPI,Accessories,1400,1400.0
11100,2025-08-16,2790,T-Shirt,3,0.0,Pune,Credit Card,Clothing,900,2700.0
11101,2025-12-31,2613,Jeans,5,0.15,Visakhapatnam,Credit Card,Clothing,1800,7650.0
11102,2025-08-04,2155,Laptop,5,0.05,Delhi,UPI,Electronics,55000,261250.0
11103,2025-07-03,2349,Laptop,5,0.2,Ahmedabad,Credit Card,Electronics,55000,220000.0
11104,2025-01-15,2451,T-Shirt,2,0.05,Hyderabad,Net Banking,Clothing,900,1710.0
11105,2025-06-06,2653,Office Chair,1,0.05,Hyderabad,UPI,Furniture,8500,8075.0
11106,2025-05-16,2173,Desk,1,0.05,Ahmedabad,UPI,Furniture,12000,11400.0
11107,2025-09-18,2010,Smartphone,1,0.05,Delhi,UPI,Electronics,28000,26600.0
11108,2025-06-06,2740,Jeans,1,0.0,Kolkata,Debit Card,Clothing,1800,1800.0
11109,2025-02-16,2265,Coffee Maker,1,0.05,Ahmedabad,Cash on Delivery,Home & Kitchen,4500,4275.0
11110,2025-11-20,2438,Smartwatch,4,0.05,Mumbai,UPI,Electronics,6500,24700.0
11111,2025-11-28,2760,Office Chair,5,0.0,Bengaluru,UPI,Furniture,8500,42500.0
11112,2025-06-22,2247,Smartphone,4,0.0,Vijayawada,Net Banking,Electronics,28000,112000.0
11113,2025-05-10,2667,Coffee Maker,2,0.0,Kolkata,Debit Card,Home & Kitchen,4500,9000.0
11114,2025-04-05,2546,Backpack,3,0.05,Mumbai,Credit Card,Accessories,1400,3990.0
11115,2025-04-25,2499,Mixer Grinder,5,0.1,Delhi,UPI,Home & Kitchen,3800,17100.0
11116,2025-08-31,2129,Sneakers,2,0.15,Kolkata,UPI,Clothing,3200,5440.0
11117,2025-10-19,2672,Smartwatch,4,0.0,Kolkata,Debit Card,Electronics,6500,26000.0
11118,2025-10-09,2601,Coffee Maker,3,0.0,Delhi,Credit Card,Home & Kitchen,4500,13500.0
11119,2025-10-26,2605,Headphones,2,0.05,Ahmedabad,Credit Card,Electronics,2500,4750.0
11120,2025-10-10,2327,Smartwatch,3,0.15,Delhi,UPI,Electronics,6500,16575.0
11121,2025-03-10,2753,Backpack,2,0.0,Visakhapatnam,Credit Card,Accessories,1400,2800.0
11122,2025-05-28,2404,Backpack,4,0.1,Visakhapatnam,Cash on Delivery,Accessories,1400,5040.0
11123,2025-01-11,2629,Coffee Maker,3,0.05,Vijayawada,Net Banking,Home & Kitchen,4500,12825.0
11124,2025-09-11,2606,Headphones,2,0.0,Hyderabad,UPI,Electronics,2500,5000.0
11125,2025-11-26,2675,Office Chair,4,0.05,Chennai,Debit Card,Furniture,8500,32300.0
11126,2025-12-26,2611,Backpack,5,0.0,Vijayawada,Credit Card,Accessories,1400,7000.0
11127,2025-02-07,2625,Laptop,4,0.15,Vijayawada,Cash on Delivery,Electronics,55000,187000.0
11128,2025-05-14,2359,Smartwatch,4,0.05,Bengaluru,Debit Card,Electronics,6500,24700.0
11129,2025-07-19,2603,Headphones,5,0.1,Chennai,Net Banking,Electronics,2500,11250.0
11130,2025-01-23,2718,Headphones,4,0.1,Hyderabad,Net Banking,Electronics,2500,9000.0
11131,2025-10-30,2017,Mixer Grinder,5,0.1,Kolkata,UPI,Home & Kitchen,3800,17100.0
11132,2025-12-12,2274,Sneakers,5,0.05,Chennai,Debit Card,Clothing,3200,15200.0
11133,2025-10-29,2685,Backpack,5,0.0,Bengaluru,Credit Card,Accessories,1400,7000.0
11134,2025-12-29,2116,Mixer Grinder,2,0.05,Pune,UPI,Home & Kitchen,3800,7220.0
11135,2025-08-06,2693,Smartwatch,3,0.0,Vijayawada,UPI,Electronics,6500,19500.0
11136,2025-05-21,2091,Office Chair,2,0.1,Delhi,UPI,Furniture,8500,15300.0
11137,2025-04-14,2082,T-Shirt,5,0.0,Vijayawada,Cash on Delivery,Clothing,900,4500.0
11138,2025-07-29,2324,Desk,3,0.1,Ahmedabad,UPI,Furniture,12000,32400.0
11139,2025-04-21,2114,Headphones,3,0.0,Bengaluru,Cash on Delivery,Electronics,2500,7500.0
11140,2025-04-14,2769,Mixer Grinder,5,0.15,Vijayawada,Debit Card,Home & Kitchen,3800,16150.0
11141,2025-11-12,2058,Headphones,3,0.05,Vijayawada,Debit Card,Electronics,2500,7125.0
11142,2025-06-20,2154,Smartwatch,3,0.05,Chennai,UPI,Electronics,6500,18525.0
11143,2025-12-22,2404,Backpack,2,0.15,Chennai,Credit Card,Accessories,1400,2380.0
11144,2025-11-20,2628,Smartwatch,3,0.05,Delhi,Credit Card,Electronics,6500,18525.0
11145,2025-05-13,2266,Jeans,5,0.2,Mumbai,UPI,Clothing,1800,7200.0
11146,2025-10-20,2315,T-Shirt,1,0.0,Ahmedabad,Cash on Delivery,Clothing,900,900.0
11147,2025-11-24,2715,Backpack,1,0.05,Delhi,Debit Card,Accessories,1400,1330.0
11148,2025-05-07,2041,Headphones,1,0.1,Pune,UPI,Electronics,2500,2250.0
11149,2025-04-16,2105,Laptop,5,0.15,Ahmedabad,Cash on Delivery,Electronics,55000,233750.0
11150,2025-04-02,2193,Headphones,1,0.0,Chennai,UPI,Electronics,2500,2500.0
11151,2025-10-14,2401,T-Shirt,2,0.15,Vijayawada,Credit Card,Clothing,900,1530.0
11152,2025-02-20,2278,Smartphone,5,0.1,Kolkata,Credit Card,Electronics,28000,126000.0
11153,2025-01-29,2354,Smartwatch,5,0.15,Vijayawada,UPI,Electronics,6500,27625.0
11154,2025-10-23,2749,Smartwatch,5,0.05,Hyderabad,Debit Card,Electronics,6500,30875.0
11155,2025-10-24,2733,Laptop,3,0.0,Delhi,Debit Card,Electronics,55000,165000.0
11156,2025-08-02,2580,Jeans,3,0.15,Ahmedabad,Debit Card,Clothing,1800,4590.0
11157,2025-09-24,2709,Desk,3,0.15,,UPI,Furniture,12000,30600.0
11158,2025-09-14,2256,Smartphone,4,0.05,Hyderabad,UPI,Electronics,28000,106400.0
11159,2025-10-29,2651,Jeans,2,0.0,Pune,UPI,Clothing,1800,3600.0
11160,2025-04-11,2661,Sneakers,5,0.0,Vijayawada,Net Banking,Clothing,3200,16000.0
11161,2025-12-12,2099,T-Shirt,5,0.1,Mumbai,UPI,Clothing,900,4050.0
11162,2025-04-20,2588,Backpack,3,0.0,Bengaluru,Credit Card,Accessories,1400,4200.0
11163,2025-07-01,2282,T-Shirt,5,0.05,Hyderabad,Cash on Delivery,Clothing,900,4275.0
11164,2025-11-09,2403,T-Shirt,5,0.05,Vijayawada,Cash on Delivery,Clothing,900,4275.0
11165,2025-01-01,2109,Laptop,1,0.1,Vijayawada,Cash on Delivery,Electronics,55000,49500.0
11166,2025-11-15,2700,Sneakers,5,0.0,Ahmedabad,Net Banking,Clothing,3200,16000.0
11167,2025-02-24,2199,Sneakers,4,0.05,Ahmedabad,Credit Card,Clothing,3200,12160.0
11168,2025-05-29,2303,Laptop,3,0.1,Mumbai,UPI,Electronics,55000,148500.0
11169,2025-11-05,2327,Smartwatch,2,0.1,Hyderabad,UPI,Electronics,6500,11700.0
11170,2025-05-17,2154,Mixer Grinder,2,0.05,Chennai,UPI,Home & Kitchen,3800,7220.0
11171,2025-07-21,2552,T-Shirt,1,0.05,Ahmedabad,Credit Card,Clothing,900,855.0
11172,2025-11-09,2645,T-Shirt,2,0.1,Bengaluru,UPI,Clothing,900,1620.0
11173,2025-04-27,2405,Coffee Maker,2,0.15,Vijayawada,Debit Card,Home & Kitchen,4500,7650.0
11174,2025-06-03,2462,Backpack,3,0.1,Vijayawada,UPI,Accessories,1400,3780.0
11175,2025-10-18,2132,Jeans,3,0.15,Pune,UPI,Clothing,1800,4590.0
11176,2025-03-04,2791,Office Chair,4,0.1,Pune,Debit Card,Furniture,8500,30600.0
11177,2025-09-01,2084,Desk,1,0.1,Mumbai,UPI,Furniture,12000,10800.0
11178,2025-01-25,2399,T-Shirt,2,0.0,Hyderabad,Debit Card,Clothing,900,1800.0
11179,2025-03-31,2754,T-Shirt,4,0.05,Visakhapatnam,Net Banking,Clothing,900,3420.0
11180,2025-03-16,2628,Smartwatch,1,0.05,Kolkata,Cash on Delivery,Electronics,6500,6175.0
11181,2025-10-21,2109,Mixer Grinder,2,0.0,Ahmedabad,UPI,Home & Kitchen,3800,7600.0
11182,2025-07-29,2221,Sneakers,2,0.05,Hyderabad,Net Banking,Clothing,3200,6080.0
11183,2025-12-13,2553,Smartphone,3,0.0,Vijayawada,UPI,Electronics,28000,84000.0
11184,2025-01-17,2368,Desk,5,0.1,Delhi,Debit Card,Furniture,12000,54000.0
11185,2025-05-08,2147,T-Shirt,1,0.05,Pune,UPI,Clothing,900,855.0
11186,2025-12-30,2112,Laptop,2,0.05,Kolkata,UPI,Electronics,55000,104500.0
11187,2025-09-08,2615,Jeans,1,0.2,Ahmedabad,Net Banking,Clothing,1800,1440.0
11188,2025-06-28,2558,T-Shirt,4,0.05,Chennai,UPI,Clothing,900,3420.0
11189,2025-07-01,2494,Desk,4,0.05,Chennai,Cash on Delivery,Furniture,12000,45600.0
11190,2025-06-01,2505,Headphones,5,0.05,Pune,UPI,Electronics,2500,11875.0
11191,2025-01-25,2475,Office Chair,2,0.15,Hyderabad,Cash on Delivery,Furniture,8500,14450.0
11192,2025-06-29,2271,Jeans,3,0.05,Ahmedabad,Net Banking,Clothing,1800,5130.0
11193,2025-07-17,2421,Laptop,2,0.1,Kolkata,Credit Card,Electronics,55000,99000.0
11194,2025-12-10,2707,Mixer Grinder,1,0.0,Vijayawada,Credit Card,Home & Kitchen,3800,3800.0
11195,2025-06-10,2367,T-Shirt,4,0.05,Hyderabad,Debit Card,Clothing,900,3420.0
11196,2025-06-26,2280,Headphones,1,0.0,Pune,Net Banking,Electronics,2500,2500.0
11197,2025-10-12,2283,T-Shirt,5,0.1,Mumbai,UPI,Clothing,900,4050.0
11198,2025-03-04,2040,Desk,4,0.15,Visakhapatnam,Debit Card,Furniture,12000,40800.0
11199,2025-05-30,2189,Headphones,3,0.1,Hyderabad,UPI,Electronics,2500,6750.0
11200,2025-06-03,2164,Headphones,4,0.1,Bengaluru,UPI,Electronics,2500,9000.0
11201,2025-06-05,2536,Smartphone,2,0.05,Ahmedabad,UPI,Electronics,28000,53200.0
11202,2025-02-18,2536,Headphones,2,0.1,Chennai,Debit Card,Electronics,2500,4500.0
11203,2025-12-03,2004,Office Chair,4,0.05,Bengaluru,Cash on Delivery,Furniture,8500,32300.0
11204,2025-03-25,2290,T-Shirt,5,0.1,Hyderabad,UPI,Clothing,900,4050.0
11205,2025-12-27,2433,Headphones,2,0.0,Hyderabad,Credit Card,Electronics,2500,5000.0
11206,2025-06-26,2471,Smartphone,2,0.0,Bengaluru,Debit Card,Electronics,28000,56000.0
11207,2025-05-28,2181,Smartwatch,3,0.05,Mumbai,Credit Card,Electronics,6500,18525.0
11208,2025-04-28,2248,Coffee Maker,4,0.05,Bengaluru,Net Banking,Home & Kitchen,4500,17100.0
11209,2025-12-08,2628,Smartwatch,2,0.0,Vijayawada,UPI,Electronics,6500,13000.0
11210,2025-03-04,2279,Mixer Grinder,5,0.1,Kolkata,UPI,Home & Kitchen,3800,17100.0
11211,2025-07-08,2581,T-Shirt,1,0.0,Bengaluru,UPI,Clothing,900,900.0
11212,2025-12-26,2254,Smartphone,4,0.0,Bengaluru,Cash on Delivery,Electronics,28000,112000.0
11213,2025-02-18,2181,Coffee Maker,3,0.1,Ahmedabad,Net Banking,Home & Kitchen,4500,12150.0
11214,2025-11-23,2681,T-Shirt,2,0.05,Kolkata,UPI,Clothing,900,1710.0
11215,2025-09-14,2509,Backpack,5,0.1,Visakhapatnam,UPI,Accessories,1400,6300.0
11216,2025-08-12,2761,Mixer Grinder,4,0.1,Bengaluru,Credit Card,Home & Kitchen,3800,13680.0
11217,2025-05-21,2700,Laptop,5,0.2,Bengaluru,Debit Card,Electronics,55000,220000.0
11218,2025-08-03,2566,Smartphone,5,0.1,Vijayawada,Debit Card,Electronics,28000,126000.0
11219,2025-07-30,2326,Backpack,3,0.0,Chennai,Net Banking,Accessories,1400,4200.0
11220,2025-11-14,2357,Headphones,4,0.05,Vijayawada,Cash on Delivery,Electronics,2500,9500.0
11221,2025-02-01,2650,Headphones,2,0.0,Bengaluru,Cash on Delivery,Electronics,2500,5000.0
11222,2025-06-07,2680,Laptop,3,0.15,Ahmedabad,Credit Card,Electronics,55000,140250.0
11223,2025-10-12,2391,Laptop,2,0.0,Vijayawada,UPI,Electronics,55000,110000.0
11224,2025-11-01,2615,Backpack,1,0.05,Ahmedabad,Debit Card,Accessories,1400,1330.0
11225,2025-10-13,2085,Smartphone,5,0.0,Kolkata,Credit Card,Electronics,28000,140000.0
11226,2025-05-24,2317,T-Shirt,1,0.15,Ahmedabad,UPI,Clothing,900,765.0
11227,2025-01-19,2212,Jeans,5,0.05,Mumbai,UPI,Clothing,1800,8550.0
11228,2025-01-18,2515,T-Shirt,3,0.2,Delhi,Credit Card,Clothing,900,2160.0
11229,2025-09-14,2384,Laptop,2,0.0,Kolkata,Credit Card,Electronics,55000,110000.0
11230,2025-03-19,2691,Office Chair,2,0.0,Delhi,Credit Card,Furniture,8500,17000.0
11231,2025-06-24,2342,Laptop,3,0.0,Bengaluru,UPI,Electronics,55000,165000.0
11232,2025-07-13,2038,Backpack,4,0.15,Bengaluru,Credit Card,Accessories,1400,4760.0
11233,2025-04-23,2511,Coffee Maker,1,0.15,Mumbai,UPI,Home & Kitchen,4500,3825.0
11234,2025-04-24,2420,T-Shirt,1,0.0,Hyderabad,Debit Card,Clothing,900,900.0
11235,2025-08-10,2751,Jeans,2,0.0,Delhi,Credit Card,Clothing,1800,3600.0
11236,2025-06-15,2169,T-Shirt,2,0.1,Vijayawada,Cash on Delivery,Clothing,900,1620.0
11237,2025-11-15,2343,Smartwatch,2,0.0,Mumbai,Cash on Delivery,Electronics,6500,13000.0
11238,2025-05-12,2306,Desk,3,0.0,Kolkata,Debit Card,Furniture,12000,36000.0
11239,2025-09-21,2542,Coffee Maker,4,0.0,Visakhapatnam,Debit Card,Home & Kitchen,4500,18000.0
11240,2025-02-24,2702,Smartwatch,1,0.0,Vijayawada,Credit Card,Electronics,6500,6500.0
11241,2025-12-25,2537,Jeans,5,0.0,Ahmedabad,UPI,Clothing,1800,9000.0
11242,2025-05-11,2112,Coffee Maker,3,0.0,Bengaluru,Debit Card,Home & Kitchen,4500,13500.0
11243,2025-10-15,2411,Mixer Grinder,1,0.05,Kolkata,Credit Card,Home & Kitchen,3800,3610.0
11244,2025-09-23,2206,T-Shirt,4,0.15,Mumbai,Credit Card,Clothing,900,3060.0
11245,2025-06-11,2185,T-Shirt,3,0.05,Delhi,UPI,Clothing,900,2565.0
11246,2025-03-28,2382,Headphones,1,0.1,Delhi,Net Banking,Electronics,2500,2250.0
11247,2025-02-24,2496,Mixer Grinder,3,0.0,Pune,UPI,Home & Kitchen,3800,11400.0
11248,2025-10-15,2379,Smartphone,1,0.1,Bengaluru,UPI,Electronics,28000,25200.0
11249,2025-06-27,2047,Jeans,1,0.05,Vijayawada,Net Banking,Clothing,1800,1710.0
11250,2025-12-15,2740,Headphones,4,0.1,Ahmedabad,Cash on Delivery,Electronics,2500,9000.0
11251,2025-01-08,2551,Headphones,5,0.0,Ahmedabad,UPI,Electronics,2500,12500.0
11252,2025-11-17,2528,T-Shirt,4,0.15,Bengaluru,Net Banking,Clothing,900,3060.0
11253,2025-11-09,2504,Mixer Grinder,1,0.0,Pune,UPI,Home & Kitchen,3800,3800.0
11254,2025-09-04,2022,Laptop,3,0.05,Pune,Debit Card,Electronics,55000,156750.0
11255,2025-11-19,2213,Jeans,4,0.2,Vijayawada,Credit Card,Clothing,1800,5760.0
11256,2025-09-12,2310,Smartphone,5,0.1,Pune,Credit Card,Electronics,28000,126000.0
11257,2025-11-24,2661,Smartphone,1,0.05,Mumbai,Debit Card,Electronics,28000,26600.0
11258,2025-02-23,2753,T-Shirt,4,0.15,Pune,UPI,Clothing,900,3060.0
11259,2025-09-06,2272,T-Shirt,4,0.05,Delhi,UPI,Clothing,900,3420.0
11260,2025-08-27,2571,Headphones,4,0.0,Chennai,Debit Card,Electronics,2500,10000.0
11261,2025-08-17,2799,Smartwatch,4,0.2,Hyderabad,UPI,Electronics,6500,20800.0
11262,2025-03-08,2202,Smartphone,3,0.0,Delhi,Net Banking,Electronics,28000,84000.0
11263,2025-02-20,2032,Headphones,5,0.15,Delhi,Credit Card,Electronics,2500,10625.0
11264,2025-04-07,2443,Mixer Grinder,5,0.0,Visakhapatnam,UPI,Home & Kitchen,3800,19000.0
11265,2025-04-02,2162,Mixer Grinder,1,0.1,Visakhapatnam,Debit Card,Home & Kitchen,3800,3420.0
11266,2025-09-21,2767,Smartwatch,2,0.05,Bengaluru,UPI,Electronics,6500,12350.0
11267,2025-10-18,2254,Jeans,3,0.2,Visakhapatnam,UPI,Clothing,1800,4320.0
11268,2025-04-06,2521,Coffee Maker,1,0.1,Bengaluru,Credit Card,Home & Kitchen,4500,4050.0
11269,2025-03-29,2651,Laptop,1,0.0,Delhi,Net Banking,Electronics,55000,55000.0
11270,2025-03-19,2480,Office Chair,4,0.1,Hyderabad,Credit Card,Furniture,8500,30600.0
11271,2025-10-15,2010,Mixer Grinder,2,0.0,Vijayawada,UPI,Home & Kitchen,3800,7600.0
11272,2025-04-30,2726,Smartphone,2,0.1,Vijayawada,Credit Card,Electronics,28000,50400.0
11273,2025-10-29,2505,Smartphone,3,0.15,Chennai,UPI,Electronics,28000,71400.0
11274,2025-06-14,2785,Mixer Grinder,2,0.05,Kolkata,UPI,Home & Kitchen,3800,7220.0
11275,2025-07-01,2560,Jeans,1,0.1,Vijayawada,Cash on Delivery,Clothing,1800,1620.0
11276,2025-08-11,2436,Laptop,2,0.0,Kolkata,Net Banking,Electronics,55000,110000.0
11277,2025-11-07,2111,Headphones,2,0.05,Pune,UPI,Electronics,2500,4750.0
11278,2025-01-07,2153,T-Shirt,5,0.05,Ahmedabad,Credit Card,Clothing,900,4275.0
11279,2025-11-26,2635,Sneakers,1,0.1,Delhi,Net Banking,Clothing,3200,2880.0
11280,2025-09-20,2102,Backpack,2,0.0,Hyderabad,UPI,Accessories,1400,2800.0
11281,2025-06-10,2753,Mixer Grinder,2,0.1,Bengaluru,UPI,Home & Kitchen,3800,6840.0
11282,2025-05-31,2191,Headphones,4,0.0,Kolkata,Net Banking,Electronics,2500,10000.0
11283,2025-03-26,2729,Jeans,2,0.1,Chennai,Debit Card,Clothing,1800,3240.0
11284,2025-05-27,2563,Jeans,2,0.0,Vijayawada,UPI,Clothing,1800,3600.0
11285,2025-04-22,2081,T-Shirt,5,0.15,Mumbai,Credit Card,Clothing,900,3825.0
11286,2025-02-05,2489,Smartphone,1,0.0,Vijayawada,UPI,Electronics,28000,28000.0
11287,2025-10-12,2088,Mixer Grinder,3,0.05,Visakhapatnam,Credit Card,Home & Kitchen,3800,10830.0
11288,2025-07-07,2194,Desk,1,0.0,Delhi,Cash on Delivery,Furniture,12000,12000.0
11289,2025-03-23,2104,T-Shirt,4,0.1,Visakhapatnam,Credit Card,Clothing,900,3240.0
11290,2025-01-02,2783,Jeans,1,0.05,Vijayawada,Debit Card,Clothing,1800,1710.0
11291,2025-10-30,2096,Headphones,2,0.1,Mumbai,UPI,Electronics,2500,4500.0
11292,2025-07-16,2423,Jeans,4,0.0,Visakhapatnam,UPI,Clothing,1800,7200.0
11293,2025-01-11,2198,Sneakers,1,0.1,Hyderabad,UPI,Clothing,3200,2880.0
11294,2025-08-22,2001,T-Shirt,4,0.0,Visakhapatnam,Cash on Delivery,Clothing,900,3600.0
11295,2025-07-14,2407,Mixer Grinder,3,0.0,Mumbai,Debit Card,Home & Kitchen,3800,11400.0
11296,2025-04-29,2378,Jeans,1,0.05,Visakhapatnam,UPI,Clothing,1800,1710.0
11297,2025-01-20,2167,Smartwatch,2,0.0,Kolkata,Credit Card,Electronics,6500,13000.0
11298,2025-09-18,2509,Backpack,4,0.0,Pune,Cash on Delivery,Accessories,1400,5600.0
11299,2025-10-20,2638,Smartphone,5,0.15,Bengaluru,Credit Card,Electronics,28000,119000.0
11300,2025-09-13,2313,Smartwatch,4,0.2,Vijayawada,UPI,Electronics,6500,20800.0
11301,2025-08-10,2593,Smartwatch,5,0.1,Kolkata,UPI,Electronics,6500,29250.0
11302,2025-08-14,2418,T-Shirt,2,0.0,Bengaluru,UPI,Clothing,900,1800.0
11303,2025-02-22,2763,Office Chair,3,0.0,Pune,Cash on Delivery,Furniture,8500,25500.0
11304,2025-12-21,2681,T-Shirt,5,0.1,Kolkata,Credit Card,Clothing,900,4050.0
11305,2025-12-08,2477,Office Chair,3,0.0,Chennai,Debit Card,Furniture,8500,25500.0
11306,2025-12-30,2073,Jeans,4,0.15,Kolkata,Cash on Delivery,Clothing,1800,6120.0
11307,2025-10-07,2141,Smartwatch,2,0.0,Hyderabad,Net Banking,Electronics,6500,13000.0
11308,2025-03-22,2582,Office Chair,5,0.2,Mumbai,UPI,Furniture,8500,34000.0
11309,2025-07-21,2262,Headphones,4,0.05,Vijayawada,UPI,Electronics,2500,9500.0
11310,2025-06-07,2340,Headphones,1,0.1,Delhi,Credit Card,Electronics,2500,2250.0
11311,2025-04-30,2308,T-Shirt,4,0.0,Bengaluru,UPI,Clothing,900,3600.0
11312,2025-02-28,2245,Headphones,3,0.15,Visakhapatnam,Cash on Delivery,Electronics,2500,6375.0
11313,2025-08-03,2515,Laptop,2,0.0,Vijayawada,Cash on Delivery,Electronics,55000,110000.0
11314,2025-05-08,2337,Sneakers,2,0.1,Delhi,Debit Card,Clothing,3200,5760.0
11315,2025-08-12,2575,T-Shirt,4,0.15,Pune,UPI,Clothing,900,3060.0
11316,2025-07-28,2561,T-Shirt,1,0.0,Kolkata,UPI,Clothing,900,900.0
11317,2025-04-25,2076,Mixer Grinder,3,0.05,Delhi,Credit Card,Home & Kitchen,3800,10830.0
11318,2025-07-28,2175,Jeans,4,0.05,Chennai,Cash on Delivery,Clothing,1800,6840.0
11319,2025-01-14,2109,Desk,4,0.05,Vijayawada,UPI,Furniture,12000,45600.0
11320,2025-01-09,2183,Smartphone,2,0.05,Vijayawada,UPI,Electronics,28000,53200.0
11321,2025-02-09,2192,Jeans,3,0.05,,UPI,Clothing,1800,5130.0
11322,2025-08-25,2065,Desk,1,0.05,Mumbai,Net Banking,Furniture,12000,11400.0
11323,2025-10-08,2474,Jeans,2,0.1,Pune,Debit Card,Clothing,1800,3240.0
11324,2025-12-25,2783,Backpack,4,0.1,Mumbai,Net Banking,Accessories,1400,5040.0
11325,2025-07-20,2100,Smartwatch,2,0.0,Vijayawada,Cash on Delivery,Electronics,6500,13000.0
11326,2025-09-03,2544,Smartphone,2,0.15,Chennai,Credit Card,Electronics,28000,47600.0
11327,2025-10-05,2128,T-Shirt,5,0.15,Visakhapatnam,UPI,Clothing,900,3825.0
11328,2025-08-23,2452,Smartwatch,2,0.05,Chennai,UPI,Electronics,6500,12350.0
11329,2025-01-04,2369,Desk,2,0.05,Bengaluru,Credit Card,Furniture,12000,22800.0
11330,2025-06-03,2043,Headphones,3,0.05,Pune,Cash on Delivery,Electronics,2500,7125.0
11331,2025-01-29,2419,Mixer Grinder,2,0.1,Kolkata,UPI,Home & Kitchen,3800,6840.0
11332,2025-04-19,2488,Mixer Grinder,1,0.1,Vijayawada,UPI,Home & Kitchen,3800,3420.0
11333,2025-04-08,2078,Headphones,4,0.0,Delhi,Credit Card,Electronics,2500,10000.0
11334,2025-08-03,2270,Smartwatch,3,0.1,Visakhapatnam,UPI,Electronics,6500,17550.0
11335,2025-10-20,2674,Coffee Maker,2,0.0,Kolkata,Debit Card,Home & Kitchen,4500,9000.0
11336,2025-03-16,2701,Mixer Grinder,1,0.0,Ahmedabad,UPI,Home & Kitchen,3800,3800.0
11337,2025-11-22,2759,T-Shirt,4,0.1,Chennai,UPI,Clothing,900,3240.0
11338,2025-05-26,2728,Smartwatch,3,0.1,Visakhapatnam,Credit Card,Electronics,6500,17550.0
11339,2025-05-08,2315,Jeans,1,0.05,Ahmedabad,Credit Card,Clothing,1800,1710.0
11340,2025-12-07,2168,Sneakers,2,0.05,Mumbai,Credit Card,Clothing,3200,6080.0
11341,2025-02-11,2339,Headphones,5,0.15,Ahmedabad,UPI,Electronics,2500,10625.0
11342,2025-12-22,2193,Backpack,5,0.1,Kolkata,Cash on Delivery,Accessories,1400,6300.0
11343,2025-02-10,2453,Laptop,3,0.1,Pune,UPI,Electronics,55000,148500.0
11344,2025-02-03,2283,Laptop,1,0.0,Chennai,UPI,Electronics,55000,55000.0
11345,2025-01-17,2336,Smartwatch,4,0.0,Visakhapatnam,Debit Card,Electronics,6500,26000.0
11346,2025-06-14,2390,Smartwatch,1,0.05,Ahmedabad,UPI,Electronics,6500,6175.0
11347,2025-06-02,2525,Smartwatch,5,0.05,Chennai,Credit Card,Electronics,6500,30875.0
11348,2025-03-17,2240,T-Shirt,3,0.1,Visakhapatnam,Net Banking,Clothing,900,2430.0
11349,2025-03-28,2483,Smartwatch,2,0.05,Visakhapatnam,Debit Card,Electronics,6500,12350.0
11350,2025-04-27,2659,Headphones,1,0.05,Kolkata,Debit Card,Electronics,2500,2375.0
11351,2025-12-28,2716,Headphones,5,0.0,Chennai,Credit Card,Electronics,2500,12500.0
11352,2025-12-08,2592,Mixer Grinder,4,0.0,Kolkata,UPI,Home & Kitchen,3800,15200.0
11353,2025-01-27,2555,T-Shirt,3,0.15,Ahmedabad,Credit Card,Clothing,900,2295.0
11354,2025-11-09,2458,T-Shirt,2,0.1,Bengaluru,UPI,Clothing,900,1620.0
11355,2025-10-14,2089,Jeans,1,0.0,Pune,Net Banking,Clothing,1800,1800.0
11356,2025-05-14,2660,Mixer Grinder,4,0.1,Bengaluru,UPI,Home & Kitchen,3800,13680.0
11357,2025-08-07,2095,Headphones,2,0.1,Hyderabad,Credit Card,Electronics,2500,4500.0
11358,2025-06-17,2452,Sneakers,5,0.1,Vijayawada,Net Banking,Clothing,3200,14400.0
11359,2025-04-08,2428,Backpack,5,0.0,Bengaluru,Cash on Delivery,Accessories,1400,7000.0
11360,2025-09-25,2151,Jeans,4,0.05,Mumbai,Net Banking,Clothing,1800,6840.0
11361,2025-08-25,2514,Smartphone,5,0.0,Pune,Debit Card,Electronics,28000,140000.0
11362,2025-11-05,2376,Sneakers,3,0.15,Vijayawada,UPI,Clothing,3200,8160.0
11363,2025-06-22,2022,Laptop,4,0.1,Ahmedabad,Cash on Delivery,Electronics,55000,198000.0
11364,2025-07-09,2313,Jeans,5,0.05,Kolkata,UPI,Clothing,1800,8550.0
11365,2025-05-02,2519,Backpack,1,0.05,Mumbai,UPI,Accessories,1400,1330.0
11366,2025-02-15,2206,Headphones,5,0.0,Vijayawada,Debit Card,Electronics,2500,12500.0
11367,2025-03-05,2375,Desk,3,0.0,Vijayawada,Debit Card,Furniture,12000,36000.0
11368,2025-05-10,2451,Laptop,2,0.2,Visakhapatnam,Cash on Delivery,Electronics,55000,88000.0
11369,2025-11-06,2626,Desk,2,0.0,Hyderabad,Net Banking,Furniture,12000,24000.0
11370,2025-12-29,2784,T-Shirt,5,0.0,Kolkata,Cash on Delivery,Clothing,900,4500.0
11371,2025-07-12,2595,Headphones,2,0.2,Ahmedabad,UPI,Electronics,2500,4000.0
11372,2025-11-03,2179,Smartphone,5,0.05,Chennai,Debit Card,Electronics,28000,133000.0
11373,2025-06-30,2210,Mixer Grinder,3,0.1,Bengaluru,Cash on Delivery,Home & Kitchen,3800,10260.0
11374,2025-10-19,2500,Laptop,2,0.0,Pune,Net Banking,Electronics,55000,110000.0
11375,2025-10-09,2464,Headphones,1,0.1,Hyderabad,UPI,Electronics,2500,2250.0
11376,2025-01-29,2124,Smartwatch,5,0.05,Visakhapatnam,UPI,Electronics,6500,30875.0
11377,2025-05-29,2113,Sneakers,2,0.1,Visakhapatnam,Cash on Delivery,Clothing,3200,5760.0
11378,2025-09-24,2012,Jeans,3,0.0,Vijayawada,UPI,Clothing,1800,5400.0
11379,2025-10-23,2126,Smartphone,3,0.05,Delhi,Credit Card,Electronics,28000,79800.0
11380,2025-01-11,2565,Headphones,1,0.1,Bengaluru,Credit Card,Electronics,2500,2250.0
11381,2025-06-13,2331,Headphones,3,0.05,Hyderabad,Credit Card,Electronics,2500,7125.0
11382,2025-04-23,2283,Headphones,3,0.1,Vijayawada,Debit Card,Electronics,2500,6750.0
11383,2025-07-06,2140,T-Shirt,2,0.0,Hyderabad,UPI,Clothing,900,1800.0
11384,2025-10-22,2401,Backpack,5,0.0,Mumbai,Debit Card,Accessories,1400,7000.0
11385,2025-08-20,2097,Headphones,4,0.1,Kolkata,UPI,Electronics,2500,9000.0
11386,2025-08-15,2517,Smartwatch,3,0.1,Pune,UPI,Electronics,6500,17550.0
11387,2025-11-06,2569,Smartwatch,3,0.2,Bengaluru,UPI,Electronics,6500,15600.0
11388,2025-04-08,2069,Mixer Grinder,4,0.1,Visakhapatnam,Debit Card,Home & Kitchen,3800,13680.0
11389,2025-02-24,2118,Mixer Grinder,3,0.05,Delhi,UPI,Home & Kitchen,3800,10830.0
11390,2025-04-21,2059,Office Chair,2,0.15,Ahmedabad,Debit Card,Furniture,8500,14450.0
11391,2025-06-01,2033,Headphones,2,0.0,Chennai,Debit Card,Electronics,2500,5000.0
11392,2025-09-03,2318,Laptop,4,0.05,Kolkata,Debit Card,Electronics,55000,209000.0
11393,2025-03-10,2050,Smartwatch,3,0.0,Bengaluru,Debit Card,Electronics,6500,19500.0
11394,2025-11-08,2489,Headphones,3,0.0,Mumbai,Credit Card,Electronics,2500,7500.0
11395,2025-10-16,2019,T-Shirt,5,0.1,Bengaluru,UPI,Clothing,900,4050.0
11396,2025-09-07,2726,Backpack,3,0.05,Ahmedabad,Credit Card,Accessories,1400,3990.0
11397,2025-02-05,2197,Desk,2,0.1,Pune,UPI,Furniture,12000,21600.0
11398,2025-08-27,2450,Desk,1,0.05,Pune,Cash on Delivery,Furniture,12000,11400.0
11399,2025-05-28,2559,Smartwatch,1,0.05,Hyderabad,Cash on Delivery,Electronics,6500,6175.0
11400,2025-08-15,2679,Sneakers,1,0.0,Vijayawada,UPI,Clothing,3200,3200.0
11401,2025-09-01,2452,Smartwatch,1,0.1,Pune,Credit Card,Electronics,6500,5850.0
11402,2025-12-03,2289,Laptop,3,0.05,Delhi,Net Banking,Electronics,55000,156750.0
11403,2025-12-31,2141,Backpack,3,0.15,Chennai,UPI,Accessories,1400,3570.0
11404,2025-07-20,2084,Laptop,5,0.0,Mumbai,Debit Card,Electronics,55000,275000.0
11405,2025-06-03,2694,T-Shirt,3,0.0,Ahmedabad,UPI,Clothing,900,2700.0
11406,2025-03-14,2391,Smartwatch,1,0.1,Visakhapatnam,Credit Card,Electronics,6500,5850.0
11407,2025-07-20,2591,Sneakers,4,0.15,Pune,Cash on Delivery,Clothing,3200,10880.0
11408,2025-10-23,2215,Backpack,4,0.05,Visakhapatnam,Credit Card,Accessories,1400,5320.0
11409,2025-01-17,2526,Headphones,2,0.1,Pune,Debit Card,Electronics,2500,4500.0
11410,2025-05-09,2215,Office Chair,2,0.2,Delhi,Net Banking,Furniture,8500,13600.0
11411,2025-08-05,2403,Headphones,3,0.2,Visakhapatnam,Debit Card,Electronics,2500,6000.0
11412,2025-03-02,2128,T-Shirt,4,0.1,Vijayawada,Debit Card,Clothing,900,3240.0
11413,2025-04-14,2477,Backpack,1,0.1,Mumbai,Credit Card,Accessories,1400,1260.0
11414,2025-02-11,2760,Sneakers,1,0.0,Chennai,Debit Card,Clothing,3200,3200.0
11415,2025-01-25,2404,Mixer Grinder,1,0.15,Delhi,Cash on Delivery,Home & Kitchen,3800,3230.0
11416,2025-02-08,2029,Headphones,3,0.05,Vijayawada,Net Banking,Electronics,2500,7125.0
11417,2025-10-18,2792,Sneakers,3,0.2,Chennai,Cash on Delivery,Clothing,3200,7680.0
11418,2025-05-11,2338,Jeans,5,0.0,Vijayawada,Debit Card,Clothing,1800,9000.0
11419,2025-08-17,2714,Coffee Maker,1,0.05,Vijayawada,UPI,Home & Kitchen,4500,4275.0
11420,2025-04-18,2361,Smartphone,1,0.1,Vijayawada,Cash on Delivery,Electronics,28000,25200.0
11421,2025-06-21,2569,Backpack,3,0.05,Hyderabad,Debit Card,Accessories,1400,3990.0
11422,2025-04-12,2392,Jeans,3,0.0,Chennai,Cash on Delivery,Clothing,1800,5400.0
11423,2025-12-20,2218,Headphones,5,0.1,Vijayawada,UPI,Electronics,2500,11250.0
11424,2025-01-12,2574,T-Shirt,5,0.1,Kolkata,Net Banking,Clothing,900,4050.0
11425,2025-10-02,2669,Smartwatch,2,0.1,Kolkata,UPI,Electronics,6500,11700.0
11426,2025-04-11,2202,Jeans,4,0.0,Pune,UPI,Clothing,1800,7200.0
11427,2025-02-13,2017,Desk,1,0.1,Mumbai,Debit Card,Furniture,12000,10800.0
11428,2025-11-01,2322,Jeans,1,0.0,Visakhapatnam,Debit Card,Clothing,1800,1800.0
11429,2025-01-17,2518,Sneakers,5,0.0,Pune,UPI,Clothing,3200,16000.0
11430,2025-11-26,2570,T-Shirt,5,0.1,Hyderabad,Debit Card,Clothing,900,4050.0
11431,2025-02-26,2325,Laptop,2,0.15,Kolkata,Credit Card,Electronics,55000,93500.0
11432,2025-11-07,2412,Headphones,4,0.05,Chennai,UPI,Electronics,2500,9500.0
11433,2025-10-30,2318,T-Shirt,2,0.05,Mumbai,UPI,Clothing,900,1710.0
11434,2025-01-12,2681,Smartwatch,4,0.05,Mumbai,,Electronics,6500,24700.0
11435,2025-11-14,2082,Headphones,1,0.05,Visakhapatnam,UPI,Electronics,2500,2375.0
11436,2025-03-21,2474,T-Shirt,2,0.0,Chennai,UPI,Clothing,900,1800.0
11437,2025-08-04,2468,Smartwatch,5,0.2,Ahmedabad,Debit Card,Electronics,6500,26000.0
11438,2025-12-05,2425,Headphones,2,0.15,Visakhapatnam,Credit Card,Electronics,2500,4250.0
11439,2025-09-21,2731,T-Shirt,2,0.1,Mumbai,Cash on Delivery,Clothing,900,1620.0
11440,2025-05-29,2689,Smartphone,1,0.05,Hyderabad,Cash on Delivery,Electronics,28000,26600.0
11441,2025-03-22,2204,Coffee Maker,5,0.1,Delhi,Cash on Delivery,Home & Kitchen,4500,20250.0
11442,2025-08-03,2583,Desk,5,0.05,Delhi,UPI,Furniture,12000,57000.0
11443,2025-07-17,2387,Backpack,3,0.0,Kolkata,Credit Card,Accessories,1400,4200.0
11444,2025-07-19,2778,Smartphone,3,0.0,Mumbai,Debit Card,Electronics,28000,84000.0
11445,2025-01-25,2098,Backpack,3,0.1,Hyderabad,UPI,Accessories,1400,3780.0
11446,2025-03-30,2345,Office Chair,1,0.15,Visakhapatnam,UPI,Furniture,8500,7225.0
11447,2025-09-25,2208,Backpack,2,0.0,Hyderabad,Credit Card,Accessories,1400,2800.0
11448,2025-05-23,2514,Smartphone,5,0.0,Bengaluru,UPI,Electronics,28000,140000.0
11449,2025-02-28,2636,Sneakers,5,0.05,Visakhapatnam,Net Banking,Clothing,3200,15200.0
11450,2025-12-31,2792,Office Chair,2,0.15,Vijayawada,Cash on Delivery,Furniture,8500,14450.0
11451,2025-01-26,2586,Jeans,5,0.0,Visakhapatnam,UPI,Clothing,1800,9000.0
11452,2025-02-16,2166,Sneakers,2,0.0,Kolkata,UPI,Clothing,3200,6400.0
11453,2025-10-15,2022,T-Shirt,1,0.1,Delhi,Net Banking,Clothing,900,810.0
11454,2025-09-23,2154,Jeans,1,0.05,Visakhapatnam,UPI,Clothing,1800,1710.0
11455,2025-01-16,2439,Laptop,1,0.0,Vijayawada,Cash on Delivery,Electronics,55000,55000.0
11456,2025-07-18,2295,Sneakers,2,0.0,Bengaluru,Credit Card,Clothing,3200,6400.0
11457,2025-10-09,2219,Smartphone,2,0.1,Hyderabad,Cash on Delivery,Electronics,28000,50400.0
11458,2025-03-27,2669,T-Shirt,4,0.05,Chennai,Debit Card,Clothing,900,3420.0
11459,2025-09-07,2495,Headphones,5,0.2,Delhi,UPI,Electronics,2500,10000.0
11460,2025-09-27,2230,Jeans,5,0.1,Hyderabad,UPI,Clothing,1800,8100.0
11461,2025-12-01,2020,Smartphone,4,0.0,Bengaluru,Credit Card,Electronics,28000,112000.0
11462,2025-04-27,2553,Sneakers,4,0.05,Chennai,Net Banking,Clothing,3200,12160.0
11463,2025-01-07,2148,Office Chair,1,0.05,Mumbai,UPI,Furniture,8500,8075.0
11464,2025-05-17,2108,Smartphone,4,0.0,Pune,Debit Card,Electronics,28000,112000.0
11465,2025-06-25,2403,Smartphone,2,0.15,Kolkata,UPI,Electronics,28000,47600.0
11466,2025-11-24,2596,Smartphone,3,0.15,Hyderabad,Cash on Delivery,Electronics,28000,71400.0
11467,2025-11-11,2483,Desk,2,0.0,Ahmedabad,Cash on Delivery,Furniture,12000,24000.0
11468,2025-08-03,2367,Jeans,4,0.0,Chennai,UPI,Clothing,1800,7200.0
11469,2025-03-23,2414,T-Shirt,5,0.0,Mumbai,UPI,Clothing,900,4500.0
11470,2025-08-11,2309,Smartphone,2,0.0,Ahmedabad,UPI,Electronics,28000,56000.0
11471,2025-04-13,2134,Sneakers,5,0.1,Pune,Debit Card,Clothing,3200,14400.0
11472,2025-09-30,2719,Desk,2,0.05,Pune,Credit Card,Furniture,12000,22800.0
11473,2025-01-14,2283,Office Chair,5,0.2,Delhi,UPI,Furniture,8500,34000.0
11474,2025-06-08,2778,Sneakers,2,0.0,Ahmedabad,Net Banking,Clothing,3200,6400.0
11475,2025-06-01,2073,Laptop,5,0.1,Delhi,Credit Card,Electronics,55000,247500.0
11476,2025-04-18,2481,Smartphone,3,0.15,Delhi,Debit Card,Electronics,28000,71400.0
11477,2025-07-07,2352,Laptop,1,0.05,Delhi,UPI,Electronics,55000,52250.0
11478,2025-10-28,2560,Headphones,2,0.0,Delhi,UPI,Electronics,2500,5000.0
11479,2025-04-08,2326,Smartphone,3,0.0,Mumbai,Credit Card,Electronics,28000,84000.0
11480,2025-05-11,2745,Headphones,1,0.05,Kolkata,Debit Card,Electronics,2500,2375.0
11481,2025-10-20,2443,Smartwatch,2,0.2,Visakhapatnam,Credit Card,Electronics,6500,10400.0
11482,2025-06-20,2100,Mixer Grinder,3,0.15,Mumbai,Cash on Delivery,Home & Kitchen,3800,9690.0
11483,2025-07-02,2059,Jeans,3,0.15,Bengaluru,Credit Card,Clothing,1800,4590.0
11484,2025-12-30,2508,Office Chair,3,0.15,Delhi,UPI,Furniture,8500,21675.0
11485,2025-02-08,2258,Backpack,4,0.05,Chennai,Net Banking,Accessories,1400,5320.0
11486,2025-01-15,2413,Smartphone,5,0.15,Chennai,Credit Card,Electronics,28000,119000.0
11487,2025-01-04,2452,Backpack,1,0.2,Ahmedabad,UPI,Accessories,1400,1120.0
11488,2025-12-15,2065,Headphones,5,0.05,Ahmedabad,UPI,Electronics,2500,11875.0
11489,2025-07-29,2595,Sneakers,5,0.0,Bengaluru,Cash on Delivery,Clothing,3200,16000.0
11490,2025-06-10,2154,Smartwatch,5,0.05,Mumbai,Cash on Delivery,Electronics,6500,30875.0
11491,2025-01-16,2266,Mixer Grinder,3,0.0,Chennai,UPI,Home & Kitchen,3800,11400.0
11492,2025-04-18,2079,Headphones,5,0.0,Vijayawada,UPI,Electronics,2500,12500.0
11493,2025-11-07,2315,Headphones,4,0.15,Vijayawada,Debit Card,Electronics,2500,8500.0
11494,2025-08-15,2662,Coffee Maker,2,0.15,Visakhapatnam,Net Banking,Home & Kitchen,4500,7650.0
11495,2025-06-19,2560,Laptop,3,0.0,Vijayawada,UPI,Electronics,55000,165000.0
11496,2025-02-03,2248,Sneakers,1,0.05,Hyderabad,Cash on Delivery,Clothing,3200,3040.0
11497,2025-09-08,2790,Backpack,2,0.15,Delhi,Credit Card,Accessories,1400,2380.0
11498,2025-09-04,2610,Office Chair,2,0.1,Bengaluru,UPI,Furniture,8500,15300.0
11499,2025-09-26,2414,Mixer Grinder,2,0.05,Ahmedabad,UPI,Home & Kitchen,3800,7220.0
11500,2025-05-21,2025,Mixer Grinder,5,0.1,Hyderabad,UPI,Home & Kitchen,3800,17100.0
11501,2025-10-01,2284,Laptop,5,0.15,Kolkata,UPI,Electronics,55000,233750.0
11502,2025-04-06,2449,Office Chair,3,0.15,Delhi,Net Banking,Furniture,8500,21675.0
11503,2025-08-15,2301,Sneakers,5,0.05,Chennai,UPI,Clothing,3200,15200.0
11504,2025-02-08,2068,Sneakers,5,0.0,Delhi,Credit Card,Clothing,3200,16000.0
11505,2025-10-29,2007,Smartphone,5,0.15,Ahmedabad,UPI,Electronics,28000,119000.0
11506,2025-01-29,2137,Sneakers,3,0.0,Pune,Cash on Delivery,Clothing,3200,9600.0
11507,2025-11-14,2164,Mixer Grinder,3,0.1,Pune,Net Banking,Home & Kitchen,3800,10260.0
11508,2025-09-02,2083,Coffee Maker,4,0.0,Hyderabad,UPI,Home & Kitchen,4500,18000.0
11509,2025-08-24,2650,T-Shirt,4,0.05,Mumbai,Credit Card,Clothing,900,3420.0
11510,2025-07-04,2420,Laptop,4,0.05,Chennai,UPI,Electronics,55000,209000.0
11511,2025-09-29,2073,Smartwatch,4,0.0,Ahmedabad,Credit Card,Electronics,6500,26000.0
11512,2025-08-24,2237,Office Chair,2,0.15,Ahmedabad,UPI,Furniture,8500,14450.0
11513,2025-08-27,2046,Backpack,2,0.0,Ahmedabad,Credit Card,Accessories,1400,2800.0
11514,2025-09-23,2618,T-Shirt,4,0.15,Vijayawada,Debit Card,Clothing,900,3060.0
11515,2025-12-25,2800,Laptop,4,0.15,Ahmedabad,Credit Card,Electronics,55000,187000.0
11516,2025-12-06,2262,T-Shirt,1,0.05,Pune,UPI,Clothing,900,855.0
11517,2025-03-06,2176,T-Shirt,2,0.1,Kolkata,UPI,Clothing,900,1620.0
11518,2025-06-26,2166,Coffee Maker,1,0.0,Bengaluru,Debit Card,Home & Kitchen,4500,4500.0
11519,2025-01-03,2657,Sneakers,1,0.1,Delhi,Credit Card,Clothing,3200,2880.0
11520,2025-05-22,2370,Smartwatch,5,0.1,Bengaluru,UPI,Electronics,6500,29250.0
11521,2025-06-07,2795,Jeans,3,0.05,Pune,Cash on Delivery,Clothing,1800,5130.0
11522,2025-11-20,2054,Laptop,2,0.05,Pune,Credit Card,Electronics,55000,104500.0
11523,2025-05-26,2690,Mixer Grinder,4,0.1,Kolkata,UPI,Home & Kitchen,3800,13680.0
11524,2025-10-20,2419,Smartwatch,4,0.15,Visakhapatnam,UPI,Electronics,6500,22100.0
11525,2025-06-02,2756,T-Shirt,3,0.0,Hyderabad,Net Banking,Clothing,900,2700.0
11526,2025-07-12,2507,Smartwatch,2,0.1,Vijayawada,UPI,Electronics,6500,11700.0
11527,2025-03-14,2341,Sneakers,4,0.0,Mumbai,Net Banking,Clothing,3200,12800.0
11528,2025-11-01,2127,Sneakers,4,0.15,Ahmedabad,Credit Card,Clothing,3200,10880.0
11529,2025-12-10,2409,Backpack,5,0.0,Ahmedabad,Credit Card,Accessories,1400,7000.0
11530,2025-05-20,2367,Headphones,1,0.1,Kolkata,Debit Card,Electronics,2500,2250.0
11531,2025-07-06,2271,Smartwatch,4,0.0,Visakhapatnam,UPI,Electronics,6500,26000.0
11532,2025-10-20,2644,Smartphone,2,0.1,Ahmedabad,UPI,Electronics,28000,50400.0
11533,2025-03-02,2605,Sneakers,3,0.15,Vijayawada,UPI,Clothing,3200,8160.0
11534,2025-07-17,2379,Laptop,5,0.1,Hyderabad,Cash on Delivery,Electronics,55000,247500.0
11535,2025-10-22,2073,Jeans,2,0.1,Vijayawada,Credit Card,Clothing,1800,3240.0
11536,2025-11-15,2248,Desk,5,0.05,Visakhapatnam,UPI,Furniture,12000,57000.0
11537,2025-10-29,2785,Coffee Maker,1,0.15,Pune,UPI,Home & Kitchen,4500,3825.0
11538,2025-12-10,2043,T-Shirt,4,0.1,Vijayawada,Credit Card,Clothing,900,3240.0
11539,2025-01-11,2377,T-Shirt,2,0.15,Bengaluru,UPI,Clothing,900,1530.0
11540,2025-03-03,2041,Laptop,3,0.05,Vijayawada,UPI,Electronics,55000,156750.0
11541,2025-11-29,2170,Sneakers,1,0.05,Pune,UPI,Clothing,3200,3040.0
11542,2025-08-14,2212,Office Chair,1,0.0,Ahmedabad,Debit Card,Furniture,8500,8500.0
11543,2025-06-02,2493,Headphones,5,0.05,Delhi,UPI,Electronics,2500,11875.0
11544,2025-07-18,2680,T-Shirt,1,0.0,Delhi,Credit Card,Clothing,900,900.0
11545,2025-02-21,2039,Office Chair,2,0.15,Delhi,Debit Card,Furniture,8500,14450.0
11546,2025-09-17,2369,Desk,5,0.1,Ahmedabad,Net Banking,Furniture,12000,54000.0
11547,2025-02-28,2757,Headphones,1,0.2,Kolkata,Cash on Delivery,Electronics,2500,2000.0
11548,2025-03-13,2151,Jeans,3,0.0,Hyderabad,Credit Card,Clothing,1800,5400.0
11549,2025-05-28,2111,Headphones,2,0.0,Hyderabad,Debit Card,Electronics,2500,5000.0
11550,2025-12-15,2480,Smartphone,3,0.15,Ahmedabad,Net Banking,Electronics,28000,71400.0
11551,2025-03-04,2436,Coffee Maker,3,0.05,Vijayawada,Credit Card,Home & Kitchen,4500,12825.0
11552,2025-11-06,2047,Office Chair,5,0.05,Mumbai,Credit Card,Furniture,8500,40375.0
11553,2025-08-31,2575,Backpack,4,0.15,Hyderabad,UPI,Accessories,1400,4760.0
11554,2025-11-26,2737,Laptop,5,0.05,Bengaluru,Cash on Delivery,Electronics,55000,261250.0
11555,2025-04-17,2366,Desk,2,0.0,Bengaluru,UPI,Furniture,12000,24000.0
11556,2025-08-14,2069,T-Shirt,2,0.15,Chennai,UPI,Clothing,900,1530.0
11557,2025-11-09,2299,Smartwatch,5,0.0,Bengaluru,Credit Card,Electronics,6500,32500.0
11558,2025-08-06,2296,Jeans,4,0.15,Hyderabad,Cash on Delivery,Clothing,1800,6120.0
11559,2025-08-29,2203,Smartphone,5,0.0,Mumbai,Credit Card,Electronics,28000,140000.0
11560,2025-09-16,2061,Backpack,2,0.1,Pune,Cash on Delivery,Accessories,1400,2520.0
11561,2025-09-19,2314,Jeans,4,0.0,Delhi,Cash on Delivery,Clothing,1800,7200.0
11562,2025-01-05,2161,Headphones,2,0.1,Vijayawada,Credit Card,Electronics,2500,4500.0
11563,2025-09-18,2331,Headphones,4,0.0,Pune,Credit Card,Electronics,2500,10000.0
11564,2025-02-23,2528,Headphones,4,0.15,Mumbai,Credit Card,Electronics,2500,8500.0
11565,2025-02-16,2338,Laptop,5,0.05,Kolkata,Net Banking,Electronics,55000,261250.0
11566,2025-08-03,2606,Jeans,5,0.0,Delhi,Debit Card,Clothing,1800,9000.0
11567,2025-06-26,2304,Desk,5,0.1,Chennai,Net Banking,Furniture,12000,54000.0
11568,2025-01-09,2503,Laptop,4,0.05,Kolkata,UPI,Electronics,55000,209000.0
11569,2025-04-09,2650,Laptop,4,0.0,Hyderabad,UPI,Electronics,55000,220000.0
11570,2025-01-20,2338,Jeans,2,0.0,Mumbai,UPI,Clothing,1800,3600.0
11571,2025-08-29,2550,Office Chair,3,0.05,Delhi,Credit Card,Furniture,8500,24225.0
11572,2025-03-02,2639,Smartwatch,5,0.0,Chennai,Cash on Delivery,Electronics,6500,32500.0
11573,2025-06-27,2275,Smartwatch,2,0.0,Vijayawada,UPI,Electronics,6500,13000.0
11574,2025-12-04,2164,Jeans,2,0.0,Vijayawada,UPI,Clothing,1800,3600.0
11575,2025-03-03,2443,Headphones,1,0.1,Ahmedabad,UPI,Electronics,2500,2250.0
11576,2025-05-25,2319,Laptop,5,0.05,Hyderabad,Credit Card,Electronics,55000,261250.0
11577,2025-08-04,2589,Backpack,2,0.0,Bengaluru,UPI,Accessories,1400,2800.0
11578,2025-01-03,2504,Sneakers,1,0.2,Mumbai,UPI,Clothing,3200,2560.0
11579,2025-06-09,2686,Jeans,5,0.15,Chennai,Cash on Delivery,Clothing,1800,7650.0
11580,2025-08-15,2387,Backpack,4,0.0,Chennai,Credit Card,Accessories,1400,5600.0
11581,2025-09-26,2603,Sneakers,1,0.0,Bengaluru,Debit Card,Clothing,3200,3200.0
11582,2025-04-30,2750,Headphones,4,0.15,Bengaluru,Credit Card,Electronics,2500,8500.0
11583,2025-03-30,2776,Smartwatch,3,0.05,Kolkata,Debit Card,Electronics,6500,18525.0
11584,2025-11-25,2691,Smartphone,3,0.05,Delhi,UPI,Electronics,28000,79800.0
11585,2025-03-09,2494,Smartphone,3,0.05,Kolkata,Net Banking,Electronics,28000,79800.0
11586,2025-12-23,2490,Sneakers,3,0.1,Visakhapatnam,Debit Card,Clothing,3200,8640.0
11587,2025-04-08,2721,Desk,2,0.0,Visakhapatnam,UPI,Furniture,12000,24000.0
11588,2025-09-24,2073,Mixer Grinder,3,0.1,Hyderabad,UPI,Home & Kitchen,3800,10260.0
11589,2025-04-15,2509,Sneakers,2,0.1,Ahmedabad,UPI,Clothing,3200,5760.0
11590,2025-11-19,2390,Headphones,2,0.05,Mumbai,Cash on Delivery,Electronics,2500,4750.0
11591,2025-05-03,2619,Smartphone,5,0.15,Chennai,Credit Card,Electronics,28000,119000.0
11592,2025-01-29,2295,Office Chair,2,0.0,Delhi,Credit Card,Furniture,8500,17000.0
11593,2025-05-17,2369,Jeans,2,0.1,Vijayawada,UPI,Clothing,1800,3240.0
11594,2025-07-14,2796,Jeans,3,0.05,Vijayawada,Cash on Delivery,Clothing,1800,5130.0
11595,2025-08-14,2694,Office Chair,2,0.05,Pune,Cash on Delivery,Furniture,8500,16150.0
11596,2025-11-28,2549,Backpack,4,0.0,Bengaluru,Credit Card,Accessories,1400,5600.0
11597,2025-06-19,2649,Office Chair,3,0.05,Hyderabad,Credit Card,Furniture,8500,24225.0
11598,2025-01-09,2568,Laptop,1,0.0,Pune,Cash on Delivery,Electronics,55000,55000.0
11599,2025-02-09,2187,Backpack,3,0.0,Pune,Debit Card,Accessories,1400,4200.0
11600,2025-01-25,2770,Desk,2,0.0,Ahmedabad,Credit Card,Furniture,12000,24000.0
11601,2025-09-18,2445,Headphones,4,0.1,Mumbai,UPI,Electronics,2500,9000.0
11602,2025-08-14,2570,Sneakers,3,0.0,Chennai,Cash on Delivery,Clothing,3200,9600.0
11603,2025-05-04,2363,Smartwatch,4,0.1,Delhi,UPI,Electronics,6500,23400.0
11604,2025-02-07,2123,Mixer Grinder,1,0.0,Vijayawada,UPI,Home & Kitchen,3800,3800.0
11605,2025-11-24,2188,Laptop,1,0.0,Vijayawada,Cash on Delivery,Electronics,55000,55000.0
11606,2025-09-08,2742,Jeans,5,0.05,Vijayawada,Credit Card,Clothing,1800,8550.0
11607,2025-06-25,2680,Smartphone,5,0.0,Visakhapatnam,Cash on Delivery,Electronics,28000,140000.0
11608,2025-03-31,2420,Backpack,3,0.1,Mumbai,Credit Card,Accessories,1400,3780.0
11609,2025-02-06,2626,Smartphone,5,0.05,Hyderabad,Net Banking,Electronics,28000,133000.0
11610,2025-11-12,2252,Headphones,4,0.2,Vijayawada,UPI,Electronics,2500,8000.0
11611,2025-06-25,2619,T-Shirt,5,0.2,Ahmedabad,Debit Card,Clothing,900,3600.0
11612,2025-10-11,2549,Coffee Maker,4,0.05,Vijayawada,UPI,Home & Kitchen,4500,17100.0
11613,2025-03-22,2335,Headphones,5,0.1,Hyderabad,UPI,Electronics,2500,11250.0
11614,2025-04-24,2092,Smartphone,5,0.0,Visakhapatnam,UPI,Electronics,28000,140000.0
11615,2025-02-09,2530,Backpack,5,0.05,Ahmedabad,Debit Card,Accessories,1400,6650.0
11616,2025-10-28,2063,T-Shirt,2,0.1,Pune,UPI,Clothing,900,1620.0
11617,2025-08-12,2662,Coffee Maker,2,0.0,Hyderabad,Credit Card,Home & Kitchen,4500,9000.0
11618,2025-11-14,2512,Smartphone,5,0.0,Pune,UPI,Electronics,28000,140000.0
11619,2025-12-15,2139,Sneakers,4,0.0,Bengaluru,UPI,Clothing,3200,12800.0
11620,2025-04-25,2698,Headphones,3,0.05,Kolkata,Debit Card,Electronics,2500,7125.0
11621,2025-07-05,2185,Smartphone,1,0.05,Vijayawada,Net Banking,Electronics,28000,26600.0
11622,2025-11-19,2205,Sneakers,2,0.05,Hyderabad,UPI,Clothing,3200,6080.0
11623,2025-02-25,2772,Jeans,5,0.05,Kolkata,Credit Card,Clothing,1800,8550.0
11624,2025-02-09,2214,Backpack,1,0.05,Delhi,Net Banking,Accessories,1400,1330.0
11625,2025-12-20,2256,Headphones,2,0.1,Ahmedabad,Debit Card,Electronics,2500,4500.0
11626,2025-02-09,2135,T-Shirt,3,0.0,Mumbai,Debit Card,Clothing,900,2700.0
11627,2025-12-13,2573,T-Shirt,4,0.1,Bengaluru,UPI,Clothing,900,3240.0
11628,2025-08-25,2088,Mixer Grinder,5,0.1,Delhi,Credit Card,Home & Kitchen,3800,17100.0
11629,2025-10-16,2207,Headphones,3,0.1,Delhi,UPI,Electronics,2500,6750.0
11630,2025-09-19,2129,Headphones,2,0.1,Bengaluru,Credit Card,Electronics,2500,4500.0
11631,2025-08-04,2003,Smartwatch,5,0.05,Pune,Cash on Delivery,Electronics,6500,30875.0
11632,2025-05-27,2754,Jeans,1,0.0,Hyderabad,Credit Card,Clothing,1800,1800.0
11633,2025-12-02,2121,Headphones,4,0.05,Chennai,UPI,Electronics,2500,9500.0
11634,2025-06-17,2385,Coffee Maker,2,0.2,Vijayawada,Net Banking,Home & Kitchen,4500,7200.0
11635,2025-04-02,2614,Headphones,4,0.1,Ahmedabad,Credit Card,Electronics,2500,9000.0
11636,2025-12-19,2038,Coffee Maker,5,0.0,Visakhapatnam,Net Banking,Home & Kitchen,4500,22500.0
11637,2025-02-28,2341,Smartphone,3,0.0,Hyderabad,Credit Card,Electronics,28000,84000.0
11638,2025-02-28,2645,Sneakers,4,0.2,Vijayawada,UPI,Clothing,3200,10240.0
11639,2025-10-31,2714,Coffee Maker,1,0.0,Hyderabad,Credit Card,Home & Kitchen,4500,4500.0
11640,2025-06-18,2021,Smartphone,2,0.0,Delhi,Credit Card,Electronics,28000,56000.0
11641,2025-09-26,2242,Mixer Grinder,1,0.05,Chennai,,Home & Kitchen,3800,3610.0
11642,2025-12-29,2455,T-Shirt,4,0.2,Visakhapatnam,Credit Card,Clothing,900,2880.0
11643,2025-02-14,2621,Mixer Grinder,3,0.05,Hyderabad,Credit Card,Home & Kitchen,3800,10830.0
11644,2025-12-11,2303,Sneakers,3,0.05,Vijayawada,Debit Card,Clothing,3200,9120.0
11645,2025-06-30,2596,Headphones,1,0.1,Visakhapatnam,UPI,Electronics,2500,2250.0
11646,2025-06-19,2595,Headphones,5,0.0,Visakhapatnam,Credit Card,Electronics,2500,12500.0
11647,2025-12-22,2069,Headphones,5,0.15,Mumbai,UPI,Electronics,2500,10625.0
11648,2025-07-10,2129,Smartphone,3,0.05,Ahmedabad,Credit Card,Electronics,28000,79800.0
11649,2025-06-04,2196,Smartphone,1,0.05,Delhi,UPI,Electronics,28000,26600.0
11650,2025-07-07,2140,Smartphone,1,0.15,Mumbai,UPI,Electronics,28000,23800.0
11651,2025-01-07,2444,T-Shirt,1,0.2,Vijayawada,UPI,Clothing,900,720.0
11652,2025-05-13,2283,Office Chair,4,0.05,Vijayawada,UPI,Furniture,8500,32300.0
11653,2025-08-23,2312,Smartphone,5,0.0,Pune,Credit Card,Electronics,28000,140000.0
11654,2025-02-14,2746,Smartphone,5,0.15,Hyderabad,Net Banking,Electronics,28000,119000.0
11655,2025-11-10,2535,Sneakers,4,0.05,Hyderabad,Credit Card,Clothing,3200,12160.0
11656,2025-09-06,2665,Headphones,2,0.15,Pune,Credit Card,Electronics,2500,4250.0
11657,2025-01-31,2277,Smartphone,4,0.15,Kolkata,Net Banking,Electronics,28000,95200.0
11658,2025-01-23,2061,Smartphone,1,0.0,Bengaluru,Net Banking,Electronics,28000,28000.0
11659,2025-06-09,2319,Coffee Maker,4,0.2,Hyderabad,Cash on Delivery,Home & Kitchen,4500,14400.0
11660,2025-12-29,2052,Office Chair,1,0.05,Bengaluru,UPI,Furniture,8500,8075.0
11661,2025-06-07,2153,Smartwatch,3,0.1,Hyderabad,Debit Card,Electronics,6500,17550.0
11662,2025-02-08,2749,Sneakers,1,0.0,Ahmedabad,Cash on Delivery,Clothing,3200,3200.0
11663,2025-03-23,2311,Jeans,5,0.15,Kolkata,Cash on Delivery,Clothing,1800,7650.0
11664,2025-12-22,2544,Sneakers,4,0.1,Chennai,Credit Card,Clothing,3200,11520.0
11665,2025-09-15,2567,Sneakers,1,0.1,Kolkata,UPI,Clothing,3200,2880.0
11666,2025-07-25,2389,Sneakers,2,0.15,Vijayawada,Net Banking,Clothing,3200,5440.0
11667,2025-03-18,2548,Headphones,3,0.05,Pune,Credit Card,Electronics,2500,7125.0
11668,2025-01-12,2622,Laptop,2,0.05,Vijayawada,Credit Card,Electronics,55000,104500.0
11669,2025-10-22,2177,T-Shirt,2,0.15,Chennai,Credit Card,Clothing,900,1530.0
11670,2025-08-12,2362,Coffee Maker,2,0.1,Mumbai,Credit Card,Home & Kitchen,4500,8100.0
11671,2025-01-13,2314,Jeans,3,0.15,Vijayawada,UPI,Clothing,1800,4590.0
11672,2025-02-15,2097,Office Chair,3,0.15,Vijayawada,UPI,Furniture,8500,21675.0
11673,2025-06-04,2213,Mixer Grinder,3,0.05,Vijayawada,Net Banking,Home & Kitchen,3800,10830.0
11674,2025-04-23,2137,Smartphone,3,0.05,Visakhapatnam,UPI,Electronics,28000,79800.0
11675,2025-08-21,2006,Sneakers,2,0.0,Bengaluru,Credit Card,Clothing,3200,6400.0
11676,2025-01-17,2109,Sneakers,5,0.1,Kolkata,Cash on Delivery,Clothing,3200,14400.0
11677,2025-12-26,2547,Mixer Grinder,5,0.05,Mumbai,Credit Card,Home & Kitchen,3800,18050.0
11678,2025-08-11,2039,Mixer Grinder,3,0.1,Kolkata,UPI,Home & Kitchen,3800,10260.0
11679,2025-12-20,2662,Sneakers,4,0.0,Ahmedabad,Credit Card,Clothing,3200,12800.0
11680,2025-07-07,2425,Headphones,1,0.0,Bengaluru,UPI,Electronics,2500,2500.0
11681,2025-12-10,2630,Office Chair,4,0.0,Mumbai,UPI,Furniture,8500,34000.0
11682,2025-12-31,2261,Smartphone,4,0.0,Ahmedabad,Debit Card,Electronics,28000,112000.0
11683,2025-06-12,2426,Office Chair,4,0.1,Delhi,Net Banking,Furniture,8500,30600.0
11684,2025-11-22,2087,Coffee Maker,5,0.0,Visakhapatnam,Debit Card,Home & Kitchen,4500,22500.0
11685,2025-03-15,2465,Smartwatch,1,0.0,Vijayawada,UPI,Electronics,6500,6500.0
11686,2025-08-21,2076,Sneakers,4,0.0,Visakhapatnam,Credit Card,Clothing,3200,12800.0
11687,2025-08-12,2471,T-Shirt,3,0.1,Kolkata,UPI,Clothing,900,2430.0
11688,2025-11-15,2414,T-Shirt,5,0.15,Mumbai,Credit Card,Clothing,900,3825.0
11689,2025-03-01,2726,Smartwatch,3,0.0,Ahmedabad,UPI,Electronics,6500,19500.0
11690,2025-12-01,2457,Backpack,3,0.1,Chennai,Cash on Delivery,Accessories,1400,3780.0
11691,2025-08-10,2285,Coffee Maker,4,0.05,Ahmedabad,UPI,Home & Kitchen,4500,17100.0
11692,2025-02-06,2239,Mixer Grinder,3,0.0,Visakhapatnam,UPI,Home & Kitchen,3800,11400.0
11693,2025-10-05,2677,Smartphone,1,0.1,Vijayawada,Credit Card,Electronics,28000,25200.0
11694,2025-07-15,2599,Desk,3,0.0,Chennai,UPI,Furniture,12000,36000.0
11695,2025-12-18,2653,Backpack,4,0.1,Kolkata,Debit Card,Accessories,1400,5040.0
11696,2025-08-30,2672,Headphones,3,0.0,Chennai,Net Banking,Electronics,2500,7500.0
11697,2025-11-20,2558,Laptop,5,0.2,Bengaluru,UPI,Electronics,55000,220000.0
11698,2025-08-07,2372,Headphones,5,0.0,Delhi,Credit Card,Electronics,2500,12500.0
11699,2025-07-11,2495,Coffee Maker,5,0.1,Vijayawada,Net Banking,Home & Kitchen,4500,20250.0
11700,2025-01-17,2624,Sneakers,2,0.15,Visakhapatnam,Debit Card,Clothing,3200,5440.0
11701,2025-01-12,2045,Backpack,5,0.0,Mumbai,Net Banking,Accessories,1400,7000.0
11702,2025-07-12,2401,Headphones,5,0.05,Pune,UPI,Electronics,2500,11875.0
11703,2025-01-22,2247,Backpack,2,0.05,Chennai,UPI,Accessories,1400,2660.0
11704,2025-04-30,2616,Laptop,5,0.1,Hyderabad,UPI,Electronics,55000,247500.0
11705,2025-07-29,2597,Smartwatch,4,0.0,Pune,UPI,Electronics,6500,26000.0
11706,2025-11-02,2450,Sneakers,5,0.0,Kolkata,Debit Card,Clothing,3200,16000.0
11707,2025-09-27,2485,Smartphone,5,0.1,Hyderabad,UPI,Electronics,28000,126000.0
11708,2025-07-11,2646,Office Chair,2,0.05,Hyderabad,Credit Card,Furniture,8500,16150.0
11709,2025-06-24,2620,Headphones,4,0.1,Hyderabad,UPI,Electronics,2500,9000.0
11710,2025-10-12,2018,Sneakers,3,0.0,Ahmedabad,Cash on Delivery,Clothing,3200,9600.0
11711,2025-07-23,2606,T-Shirt,1,0.05,Pune,UPI,Clothing,900,855.0
11712,2025-06-13,2662,Jeans,4,0.1,Kolkata,UPI,Clothing,1800,6480.0
11713,2025-09-08,2758,Smartphone,3,0.1,Visakhapatnam,Debit Card,Electronics,28000,75600.0
11714,2025-08-15,2289,Laptop,4,0.05,Delhi,UPI,Electronics,55000,209000.0
11715,2025-01-07,2414,Coffee Maker,3,0.0,Kolkata,Credit Card,Home & Kitchen,4500,13500.0
11716,2025-01-29,2721,Headphones,3,0.0,Visakhapatnam,Credit Card,Electronics,2500,7500.0
11717,2025-02-02,2638,Office Chair,4,0.0,Visakhapatnam,Cash on Delivery,Furniture,8500,34000.0
11718,2025-05-14,2235,Mixer Grinder,2,0.05,Hyderabad,Debit Card,Home & Kitchen,3800,7220.0
11719,2025-03-20,2416,Headphones,4,0.0,Vijayawada,Debit Card,Electronics,2500,10000.0
11720,2025-02-27,2499,Headphones,4,0.1,Pune,Net Banking,Electronics,2500,9000.0
11721,2025-01-26,2634,Sneakers,3,0.1,Visakhapatnam,Net Banking,Clothing,3200,8640.0
11722,2025-08-14,2650,Mixer Grinder,1,0.05,Pune,Debit Card,Home & Kitchen,3800,3610.0
11723,2025-10-12,2115,Coffee Maker,3,0.05,Bengaluru,Credit Card,Home & Kitchen,4500,12825.0
11724,2025-01-04,2674,T-Shirt,5,0.0,Ahmedabad,Debit Card,Clothing,900,4500.0
11725,2025-04-09,2713,Office Chair,4,0.05,Delhi,Credit Card,Furniture,8500,32300.0
11726,2025-02-08,2234,Smartphone,4,0.15,Bengaluru,Net Banking,Electronics,28000,95200.0
11727,2025-09-28,2540,Mixer Grinder,2,0.1,Visakhapatnam,Debit Card,Home & Kitchen,3800,6840.0
11728,2025-10-12,2011,Mixer Grinder,3,0.1,Kolkata,UPI,Home & Kitchen,3800,10260.0
11729,2025-06-06,2206,Smartphone,2,0.15,Pune,UPI,Electronics,28000,47600.0
11730,2025-03-16,2679,Headphones,4,0.05,Bengaluru,UPI,Electronics,2500,9500.0
11731,2025-10-15,2247,Smartphone,3,0.0,Pune,UPI,Electronics,28000,84000.0
11732,2025-05-10,2559,Headphones,3,0.1,Ahmedabad,UPI,Electronics,2500,6750.0
11733,2025-06-24,2758,Office Chair,5,0.0,Kolkata,Credit Card,Furniture,8500,42500.0
11734,2025-03-25,2127,Smartwatch,5,0.1,Bengaluru,UPI,Electronics,6500,29250.0
11735,2025-01-22,2147,Smartphone,1,0.1,Pune,Debit Card,Electronics,28000,25200.0
11736,2025-01-27,2118,Smartwatch,5,0.1,Kolkata,UPI,Electronics,6500,29250.0
11737,2025-07-14,2382,Mixer Grinder,3,0.05,Hyderabad,UPI,Home & Kitchen,3800,10830.0
11738,2025-12-03,2412,Sneakers,5,0.05,Chennai,Credit Card,Clothing,3200,15200.0
11739,2025-08-24,2664,T-Shirt,1,0.1,Hyderabad,Cash on Delivery,Clothing,900,810.0
11740,2025-04-02,2584,Smartphone,4,0.15,Delhi,Credit Card,Electronics,28000,95200.0
11741,2025-01-21,2363,Mixer Grinder,5,0.1,Visakhapatnam,Credit Card,Home & Kitchen,3800,17100.0
11742,2025-10-30,2509,Office Chair,3,0.2,Vijayawada,Credit Card,Furniture,8500,20400.0
11743,2025-12-23,2137,Headphones,4,0.0,Chennai,UPI,Electronics,2500,10000.0
11744,2025-03-25,2175,Laptop,3,0.05,Visakhapatnam,UPI,Electronics,55000,156750.0
11745,2025-09-19,2289,Laptop,4,0.0,Bengaluru,UPI,Electronics,55000,220000.0
11746,2025-05-27,2481,Smartphone,3,0.0,Delhi,Credit Card,Electronics,28000,84000.0
11747,2025-09-14,2019,Jeans,5,0.15,Ahmedabad,Debit Card,Clothing,1800,7650.0
11748,2025-02-27,2195,Coffee Maker,5,0.2,Delhi,Debit Card,Home & Kitchen,4500,18000.0
11749,2025-01-15,2330,T-Shirt,1,0.0,Pune,UPI,Clothing,900,900.0
11750,2025-06-11,2175,Desk,4,0.0,Delhi,Cash on Delivery,Furniture,12000,48000.0
11751,2025-06-12,2449,T-Shirt,1,0.0,Bengaluru,UPI,Clothing,900,900.0
11752,2025-11-16,2354,Backpack,2,0.15,Ahmedabad,UPI,Accessories,1400,2380.0
11753,2025-10-08,2499,Backpack,5,0.0,Ahmedabad,UPI,Accessories,1400,7000.0
11754,2025-10-07,2141,Smartphone,4,0.0,Mumbai,Credit Card,Electronics,28000,112000.0
11755,2025-01-12,2758,Smartwatch,1,0.0,Delhi,UPI,Electronics,6500,6500.0
11756,2025-10-01,2093,Sneakers,1,0.05,Hyderabad,Debit Card,Clothing,3200,3040.0
11757,2025-09-28,2239,Laptop,2,0.15,Mumbai,Cash on Delivery,Electronics,55000,93500.0
11758,2025-07-27,2205,Smartwatch,1,0.0,Mumbai,UPI,Electronics,6500,6500.0
11759,2025-01-27,2560,Jeans,3,0.05,Bengaluru,Credit Card,Clothing,1800,5130.0
11760,2025-03-13,2433,Mixer Grinder,5,0.0,Chennai,UPI,Home & Kitchen,3800,19000.0
11761,2025-03-01,2245,T-Shirt,1,0.05,Hyderabad,UPI,Clothing,900,855.0
11762,2025-05-25,2317,Office Chair,1,0.1,Ahmedabad,UPI,Furniture,8500,7650.0
11763,2025-04-03,2295,T-Shirt,2,0.0,Delhi,Net Banking,Clothing,900,1800.0
11764,2025-11-05,2640,Office Chair,3,0.0,Mumbai,Credit Card,Furniture,8500,25500.0
11765,2025-01-08,2282,Jeans,1,0.15,Visakhapatnam,Cash on Delivery,Clothing,1800,1530.0
11766,2025-03-20,2017,Desk,5,0.0,Visakhapatnam,UPI,Furniture,12000,60000.0
11767,2025-01-27,2071,T-Shirt,5,0.1,Mumbai,Cash on Delivery,Clothing,900,4050.0
11768,2025-06-23,2269,Jeans,1,0.05,Pune,Cash on Delivery,Clothing,1800,1710.0
11769,2025-02-19,2325,Sneakers,3,0.0,Delhi,Debit Card,Clothing,3200,9600.0
11770,2025-07-18,2794,T-Shirt,5,0.1,Bengaluru,Net Banking,Clothing,900,4050.0
11771,2025-12-15,2305,Smartphone,5,0.15,Ahmedabad,UPI,Electronics,28000,119000.0
11772,2025-06-30,2451,Smartphone,3,0.1,Mumbai,Credit Card,Electronics,28000,75600.0
11773,2025-01-24,2007,Laptop,3,0.0,Hyderabad,Debit Card,Electronics,55000,165000.0
11774,2025-11-12,2314,Desk,1,0.05,Mumbai,Credit Card,Furniture,12000,11400.0
11775,2025-02-15,2103,Headphones,4,0.05,Kolkata,Cash on Delivery,Electronics,2500,9500.0
11776,2025-01-15,2193,Headphones,2,0.05,Ahmedabad,UPI,Electronics,2500,4750.0
11777,2025-06-02,2753,Backpack,4,0.1,Chennai,UPI,Accessories,1400,5040.0
11778,2025-08-10,2574,Smartwatch,4,0.0,Ahmedabad,UPI,Electronics,6500,26000.0
11779,2025-07-25,2529,T-Shirt,5,0.05,Hyderabad,Cash on Delivery,Clothing,900,4275.0
11780,2025-09-30,2171,Smartphone,3,0.1,Kolkata,Net Banking,Electronics,28000,75600.0
11781,2025-08-24,2537,Mixer Grinder,5,0.05,Chennai,Credit Card,Home & Kitchen,3800,18050.0
11782,2025-12-06,2251,Desk,2,0.1,Vijayawada,Credit Card,Furniture,12000,21600.0
11783,2025-08-16,2765,Desk,1,0.0,Hyderabad,Debit Card,Furniture,12000,12000.0
11784,2025-01-09,2387,T-Shirt,2,0.05,Visakhapatnam,Debit Card,Clothing,900,1710.0
11785,2025-06-15,2207,Backpack,5,0.2,Pune,UPI,Accessories,1400,5600.0
11786,2025-11-15,2541,Smartphone,5,0.05,Ahmedabad,Debit Card,Electronics,28000,133000.0
11787,2025-08-02,2629,Laptop,5,0.05,Vijayawada,Credit Card,Electronics,55000,261250.0
11788,2025-04-27,2416,Laptop,5,0.1,Kolkata,Credit Card,Electronics,55000,247500.0
11789,2025-12-10,2794,Jeans,4,0.2,Vijayawada,UPI,Clothing,1800,5760.0
11790,2025-03-13,2380,T-Shirt,1,0.2,Bengaluru,Cash on Delivery,Clothing,900,720.0
11791,2025-03-05,2144,T-Shirt,4,0.1,Delhi,Cash on Delivery,Clothing,900,3240.0
11792,2025-07-24,2025,Laptop,5,0.0,Ahmedabad,Debit Card,Electronics,55000,275000.0
11793,2025-07-28,2668,T-Shirt,3,0.15,Delhi,Debit Card,Clothing,900,2295.0
11794,2025-03-13,2073,Backpack,4,0.1,Visakhapatnam,Credit Card,Accessories,1400,5040.0
11795,2025-10-04,2632,T-Shirt,5,0.05,Vijayawada,Debit Card,Clothing,900,4275.0
11796,2025-10-01,2093,Backpack,5,0.15,Kolkata,Credit Card,Accessories,1400,5950.0
11797,2025-11-16,2505,Headphones,1,0.05,Visakhapatnam,Cash on Delivery,Electronics,2500,2375.0
11798,2025-12-04,2598,Office Chair,2,0.0,Delhi,Credit Card,Furniture,8500,17000.0
11799,2025-04-05,2336,Jeans,4,0.15,Vijayawada,Debit Card,Clothing,1800,6120.0
11800,2025-06-15,2425,Headphones,4,0.05,Visakhapatnam,Debit Card,Electronics,2500,9500.0
11801,2025-02-01,2499,Headphones,4,0.05,Hyderabad,Debit Card,Electronics,2500,9500.0
11802,2025-01-11,2364,Sneakers,5,0.0,Mumbai,Cash on Delivery,Clothing,3200,16000.0
11803,2025-10-28,2630,Office Chair,1,0.1,Pune,Credit Card,Furniture,8500,7650.0
11804,2025-08-05,2745,T-Shirt,5,0.0,Chennai,Cash on Delivery,Clothing,900,4500.0
11805,2025-10-16,2199,Headphones,5,0.05,Hyderabad,Credit Card,Electronics,2500,11875.0
11806,2025-04-12,2718,Desk,3,0.1,Visakhapatnam,Net Banking,Furniture,12000,32400.0
11807,2025-09-24,2413,Sneakers,1,0.15,Kolkata,Debit Card,Clothing,3200,2720.0
11808,2025-08-02,2339,T-Shirt,4,0.05,Bengaluru,UPI,Clothing,900,3420.0
11809,2025-06-28,2659,T-Shirt,2,0.1,Mumbai,Cash on Delivery,Clothing,900,1620.0
11810,2025-03-29,2429,Headphones,4,0.1,Chennai,Credit Card,Electronics,2500,9000.0
11811,2025-02-10,2783,Sneakers,5,0.1,Hyderabad,Net Banking,Clothing,3200,14400.0
11812,2025-03-17,2139,Smartwatch,1,0.0,Bengaluru,Debit Card,Electronics,6500,6500.0
11813,2025-02-15,2693,Mixer Grinder,1,0.15,Bengaluru,UPI,Home & Kitchen,3800,3230.0
11814,2025-06-09,2542,T-Shirt,1,0.05,Bengaluru,Credit Card,Clothing,900,855.0
11815,2025-03-21,2057,T-Shirt,3,0.0,Mumbai,Credit Card,Clothing,900,2700.0
11816,2025-11-06,2232,Jeans,4,0.0,Vijayawada,Cash on Delivery,Clothing,1800,7200.0
11817,2025-03-27,2658,Coffee Maker,3,0.1,Hyderabad,Debit Card,Home & Kitchen,4500,12150.0
11818,2025-04-02,2435,Office Chair,2,0.0,Vijayawada,UPI,Furniture,8500,17000.0
11819,2025-05-28,2384,T-Shirt,5,0.0,Ahmedabad,Debit Card,Clothing,900,4500.0
11820,2025-06-10,2560,Backpack,3,0.1,Mumbai,Credit Card,Accessories,1400,3780.0
11821,2025-07-21,2194,Jeans,3,0.15,Bengaluru,UPI,Clothing,1800,4590.0
11822,2025-08-30,2736,T-Shirt,5,0.1,Bengaluru,UPI,Clothing,900,4050.0
11823,2025-12-19,2648,Headphones,1,0.0,Mumbai,UPI,Electronics,2500,2500.0
11824,2025-01-02,2534,T-Shirt,5,0.0,Ahmedabad,UPI,Clothing,900,4500.0
11825,2025-08-13,2518,Headphones,4,0.1,Pune,UPI,Electronics,2500,9000.0
11826,2025-10-16,2716,Coffee Maker,5,0.0,Kolkata,UPI,Home & Kitchen,4500,22500.0
11827,2025-08-21,2751,Smartwatch,1,0.1,Pune,Cash on Delivery,Electronics,6500,5850.0
11828,2025-03-18,2185,Mixer Grinder,5,0.0,Vijayawada,UPI,Home & Kitchen,3800,19000.0
11829,2025-04-26,2292,Jeans,3,0.15,Mumbai,UPI,Clothing,1800,4590.0
11830,2025-06-03,2335,Sneakers,2,0.05,Kolkata,UPI,Clothing,3200,6080.0
11831,2025-04-13,2732,Jeans,3,0.0,Pune,Credit Card,Clothing,1800,5400.0
11832,2025-07-13,2116,Smartphone,2,0.15,Vijayawada,Credit Card,Electronics,28000,47600.0
11833,2025-06-15,2049,Smartwatch,5,0.0,Visakhapatnam,UPI,Electronics,6500,32500.0
11834,2025-12-25,2685,Smartphone,4,0.05,Delhi,Debit Card,Electronics,28000,106400.0
11835,2025-03-31,2082,Sneakers,5,0.15,Kolkata,Debit Card,Clothing,3200,13600.0
11836,2025-06-23,2333,T-Shirt,1,0.05,Chennai,UPI,Clothing,900,855.0
11837,2025-05-02,2557,Backpack,5,0.05,Kolkata,Credit Card,Accessories,1400,6650.0
11838,2025-05-23,2335,Headphones,2,0.05,Vijayawada,Credit Card,Electronics,2500,4750.0
11839,2025-04-16,2532,Smartphone,3,0.0,Bengaluru,UPI,Electronics,28000,84000.0
11840,2025-11-01,2221,T-Shirt,4,0.0,Vijayawada,Debit Card,Clothing,900,3600.0
11841,2025-12-26,2635,Coffee Maker,5,0.1,Hyderabad,Cash on Delivery,Home & Kitchen,4500,20250.0
11842,2025-11-13,2746,Backpack,5,0.1,Bengaluru,Debit Card,Accessories,1400,6300.0
11843,2025-05-03,2733,T-Shirt,3,0.0,Vijayawada,UPI,Clothing,900,2700.0
11844,2025-01-09,2323,T-Shirt,4,0.0,Pune,Net Banking,Clothing,900,3600.0
11845,2025-09-19,2003,Smartphone,5,0.15,Delhi,Credit Card,Electronics,28000,119000.0
11846,2025-03-14,2694,Mixer Grinder,5,0.2,Vijayawada,UPI,Home & Kitchen,3800,15200.0
11847,2025-12-25,2206,Sneakers,2,0.05,Pune,Credit Card,Clothing,3200,6080.0
11848,2025-08-11,2040,Headphones,2,0.15,Chennai,Debit Card,Electronics,2500,4250.0
11849,2025-02-10,2059,Jeans,1,0.1,Hyderabad,Cash on Delivery,Clothing,1800,1620.0
11850,2025-07-23,2574,Smartphone,3,0.0,Visakhapatnam,UPI,Electronics,28000,84000.0
11851,2025-09-21,2644,Mixer Grinder,4,0.0,Hyderabad,UPI,Home & Kitchen,3800,15200.0
11852,2025-11-24,2507,Smartphone,5,0.0,Bengaluru,Debit Card,Electronics,28000,140000.0
11853,2025-06-27,2572,Sneakers,5,0.15,Delhi,Net Banking,Clothing,3200,13600.0
11854,2025-12-14,2122,Headphones,1,0.1,Hyderabad,UPI,Electronics,2500,2250.0
11855,2025-11-14,2479,Backpack,5,0.1,Kolkata,Cash on Delivery,Accessories,1400,6300.0
11856,2025-03-25,2619,Backpack,3,0.0,Visakhapatnam,Credit Card,Accessories,1400,4200.0
11857,2025-11-14,2096,Sneakers,1,0.1,Bengaluru,Cash on Delivery,Clothing,3200,2880.0
11858,2025-04-21,2414,Jeans,3,0.1,Kolkata,Credit Card,Clothing,1800,4860.0
11859,2025-09-08,2235,Coffee Maker,1,0.15,Bengaluru,UPI,Home & Kitchen,4500,3825.0
11860,2025-01-07,2062,Laptop,5,0.0,Kolkata,Debit Card,Electronics,55000,275000.0
11861,2025-03-25,2256,Smartwatch,1,0.1,Ahmedabad,Net Banking,Electronics,6500,5850.0
11862,2025-07-27,2561,Headphones,2,0.0,Delhi,UPI,Electronics,2500,5000.0
11863,2025-11-10,2348,Mixer Grinder,4,0.1,Pune,Credit Card,Home & Kitchen,3800,13680.0
11864,2025-01-22,2671,Smartwatch,5,0.1,Hyderabad,UPI,Electronics,6500,29250.0
11865,2025-01-03,2124,Backpack,4,0.0,Chennai,UPI,Accessories,1400,5600.0
11866,2025-05-07,2482,Sneakers,5,0.1,Kolkata,Cash on Delivery,Clothing,3200,14400.0
11867,2025-10-24,2317,Headphones,4,0.0,Ahmedabad,UPI,Electronics,2500,10000.0
11868,2025-07-07,2504,Headphones,2,0.15,Delhi,Cash on Delivery,Electronics,2500,4250.0
11869,2025-12-28,2719,Headphones,4,0.0,Chennai,Credit Card,Electronics,2500,10000.0
11870,2025-01-14,2048,T-Shirt,1,0.1,Hyderabad,Net Banking,Clothing,900,810.0
11871,2025-01-12,2409,Headphones,4,0.15,Ahmedabad,UPI,Electronics,2500,8500.0
11872,2025-03-28,2136,Laptop,5,0.05,Chennai,UPI,Electronics,55000,261250.0
11873,2025-01-12,2201,Desk,3,0.05,Visakhapatnam,UPI,Furniture,12000,34200.0
11874,2025-01-25,2250,Mixer Grinder,4,0.05,Mumbai,Cash on Delivery,Home & Kitchen,3800,14440.0
11875,2025-10-28,2314,Smartwatch,4,0.0,Bengaluru,Credit Card,Electronics,6500,26000.0
11876,2025-08-31,2368,Smartwatch,4,0.1,Bengaluru,,Electronics,6500,23400.0
11877,2025-05-02,2429,Laptop,5,0.1,Vijayawada,Cash on Delivery,Electronics,55000,247500.0
11878,2025-05-27,2480,Sneakers,4,0.15,Visakhapatnam,Cash on Delivery,Clothing,3200,10880.0
11879,2025-02-24,2314,Office Chair,5,0.15,Mumbai,Cash on Delivery,Furniture,8500,36125.0
11880,2025-08-26,2500,Smartphone,5,0.05,Vijayawada,UPI,Electronics,28000,133000.0
11881,2025-12-22,2721,Smartphone,3,0.1,Chennai,UPI,Electronics,28000,75600.0
11882,2025-06-22,2355,Office Chair,1,0.15,Vijayawada,Debit Card,Furniture,8500,7225.0
11883,2025-08-09,2485,Jeans,5,0.05,Kolkata,Credit Card,Clothing,1800,8550.0
11884,2025-04-29,2211,Laptop,2,0.0,Visakhapatnam,UPI,Electronics,55000,110000.0
11885,2025-11-05,2704,Sneakers,4,0.05,Ahmedabad,UPI,Clothing,3200,12160.0
11886,2025-07-02,2044,Headphones,2,0.15,Ahmedabad,Net Banking,Electronics,2500,4250.0
11887,2025-10-15,2541,Smartwatch,4,0.1,Mumbai,UPI,Electronics,6500,23400.0
11888,2025-11-03,2571,Backpack,3,0.1,Hyderabad,Debit Card,Accessories,1400,3780.0
11889,2025-10-27,2583,Office Chair,5,0.0,Ahmedabad,Credit Card,Furniture,8500,42500.0
11890,2025-03-23,2092,T-Shirt,1,0.2,Visakhapatnam,Debit Card,Clothing,900,720.0
11891,2025-07-30,2265,Mixer Grinder,5,0.05,Delhi,Debit Card,Home & Kitchen,3800,18050.0
11892,2025-05-30,2220,T-Shirt,4,0.1,Bengaluru,Credit Card,Clothing,900,3240.0
11893,2025-02-06,2442,Backpack,1,0.0,Delhi,UPI,Accessories,1400,1400.0
11894,2025-12-18,2401,T-Shirt,5,0.0,Vijayawada,Debit Card,Clothing,900,4500.0
11895,2025-11-08,2400,Coffee Maker,1,0.1,Pune,UPI,Home & Kitchen,4500,4050.0
11896,2025-12-27,2727,Coffee Maker,4,0.2,Kolkata,Cash on Delivery,Home & Kitchen,4500,14400.0
11897,2025-02-28,2789,Smartphone,3,0.05,Pune,Debit Card,Electronics,28000,79800.0
11898,2025-05-11,2576,Coffee Maker,3,0.0,Visakhapatnam,Credit Card,Home & Kitchen,4500,13500.0
11899,2025-07-21,2490,Office Chair,5,0.05,Pune,UPI,Furniture,8500,40375.0
11900,2025-08-31,2485,Office Chair,2,0.0,Delhi,UPI,Furniture,8500,17000.0
11901,2025-02-04,2757,Headphones,4,0.0,Hyderabad,Debit Card,Electronics,2500,10000.0
11902,2025-04-03,2470,Office Chair,5,0.1,Visakhapatnam,UPI,Furniture,8500,38250.0
11903,2025-07-26,2574,Desk,5,0.15,Bengaluru,Net Banking,Furniture,12000,51000.0
11904,2025-12-19,2682,Headphones,3,0.0,Mumbai,Net Banking,Electronics,2500,7500.0
11905,2025-11-28,2445,Mixer Grinder,1,0.1,Visakhapatnam,UPI,Home & Kitchen,3800,3420.0
11906,2025-11-01,2269,Laptop,4,0.0,Chennai,UPI,Electronics,55000,220000.0
11907,2025-12-16,2267,Smartphone,1,0.0,Bengaluru,Credit Card,Electronics,28000,28000.0
11908,2025-08-01,2054,Jeans,4,0.0,Visakhapatnam,Net Banking,Clothing,1800,7200.0
11909,2025-06-08,2528,Jeans,2,0.1,Chennai,Credit Card,Clothing,1800,3240.0
11910,2025-01-24,2520,Sneakers,3,0.0,Bengaluru,UPI,Clothing,3200,9600.0
11911,2025-10-20,2616,Laptop,2,0.05,Vijayawada,Debit Card,Electronics,55000,104500.0
11912,2025-01-04,2059,Mixer Grinder,5,0.0,Ahmedabad,UPI,Home & Kitchen,3800,19000.0
11913,2025-08-08,2040,Laptop,3,0.0,Kolkata,UPI,Electronics,55000,165000.0
11914,2025-12-30,2237,Smartphone,5,0.0,Ahmedabad,UPI,Electronics,28000,140000.0
11915,2025-01-20,2386,Laptop,2,0.15,Delhi,Debit Card,Electronics,55000,93500.0
11916,2025-06-01,2606,Jeans,4,0.1,Mumbai,UPI,Clothing,1800,6480.0
11917,2025-02-19,2734,Coffee Maker,5,0.15,Ahmedabad,Credit Card,Home & Kitchen,4500,19125.0
11918,2025-06-26,2716,Sneakers,1,0.05,Visakhapatnam,Cash on Delivery,Clothing,3200,3040.0
11919,2025-04-06,2650,Office Chair,4,0.05,Vijayawada,Credit Card,Furniture,8500,32300.0
11920,2025-04-15,2300,Laptop,4,0.05,Pune,Debit Card,Electronics,55000,209000.0
11921,2025-09-07,2395,Jeans,2,0.0,Delhi,UPI,Clothing,1800,3600.0
11922,2025-04-27,2207,T-Shirt,2,0.1,Ahmedabad,Credit Card,Clothing,900,1620.0
11923,2025-12-20,2336,T-Shirt,3,0.05,Hyderabad,UPI,Clothing,900,2565.0
11924,2025-08-16,2593,Laptop,3,0.05,Mumbai,Credit Card,Electronics,55000,156750.0
11925,2025-03-07,2730,Sneakers,1,0.1,Pune,UPI,Clothing,3200,2880.0
11926,2025-12-01,2514,T-Shirt,4,0.05,Kolkata,UPI,Clothing,900,3420.0
11927,2025-09-19,2178,Backpack,1,0.2,Visakhapatnam,UPI,Accessories,1400,1120.0
11928,2025-10-22,2396,T-Shirt,1,0.05,Vijayawada,UPI,Clothing,900,855.0
11929,2025-08-31,2371,Smartphone,2,0.1,Bengaluru,Credit Card,Electronics,28000,50400.0
11930,2025-07-05,2791,Sneakers,1,0.05,Ahmedabad,Credit Card,Clothing,3200,3040.0
11931,2025-09-03,2658,Smartphone,1,0.2,Hyderabad,UPI,Electronics,28000,22400.0
11932,2025-05-05,2318,Desk,5,0.05,Mumbai,Debit Card,Furniture,12000,57000.0
11933,2025-09-25,2736,Jeans,3,0.1,Kolkata,Credit Card,Clothing,1800,4860.0
11934,2025-05-11,2369,Smartphone,3,0.0,Ahmedabad,Credit Card,Electronics,28000,84000.0
11935,2025-08-25,2384,Mixer Grinder,4,0.1,Kolkata,Cash on Delivery,Home & Kitchen,3800,13680.0
11936,2025-01-18,2062,T-Shirt,3,0.0,Pune,UPI,Clothing,900,2700.0
11937,2025-02-09,2505,Laptop,4,0.05,Pune,UPI,Electronics,55000,209000.0
11938,2025-01-21,2239,Sneakers,5,0.15,Delhi,Credit Card,Clothing,3200,13600.0
11939,2025-08-13,2195,Headphones,3,0.2,Ahmedabad,Net Banking,Electronics,2500,6000.0
11940,2025-12-21,2678,Office Chair,5,0.05,Vijayawada,Credit Card,Furniture,8500,40375.0
11941,2025-10-09,2222,Office Chair,3,0.15,Mumbai,Cash on Delivery,Furniture,8500,21675.0
11942,2025-01-08,2061,Mixer Grinder,3,0.0,Bengaluru,Debit Card,Home & Kitchen,3800,11400.0
11943,2025-04-10,2129,T-Shirt,5,0.15,Bengaluru,Credit Card,Clothing,900,3825.0
11944,2025-08-28,2685,T-Shirt,1,0.1,Visakhapatnam,Debit Card,Clothing,900,810.0
11945,2025-03-28,2156,Backpack,1,0.05,Visakhapatnam,Credit Card,Accessories,1400,1330.0
11946,2025-10-25,2378,Smartphone,1,0.15,Mumbai,Credit Card,Electronics,28000,23800.0
11947,2025-01-14,2622,Jeans,1,0.15,Ahmedabad,Credit Card,Clothing,1800,1530.0
11948,2025-11-30,2781,Jeans,3,0.0,Ahmedabad,Debit Card,Clothing,1800,5400.0
11949,2025-01-02,2790,Smartphone,2,0.1,Pune,Credit Card,Electronics,28000,50400.0
11950,2025-10-20,2586,T-Shirt,5,0.0,Hyderabad,UPI,Clothing,900,4500.0
11951,2025-11-21,2437,Desk,2,0.15,Visakhapatnam,Cash on Delivery,Furniture,12000,20400.0
11952,2025-02-10,2207,Desk,2,0.1,Hyderabad,Debit Card,Furniture,12000,21600.0
11953,2025-11-14,2388,Smartphone,4,0.0,Ahmedabad,Net Banking,Electronics,28000,112000.0
11954,2025-11-12,2480,Smartphone,1,0.1,Visakhapatnam,Credit Card,Electronics,28000,25200.0
11955,2025-04-21,2791,Headphones,3,0.1,Bengaluru,UPI,Electronics,2500,6750.0
11956,2025-01-14,2340,Desk,1,0.1,Kolkata,UPI,Furniture,12000,10800.0
11957,2025-08-19,2340,Smartphone,1,0.0,Visakhapatnam,Cash on Delivery,Electronics,28000,28000.0
11958,2025-03-25,2204,Backpack,2,0.0,Ahmedabad,UPI,Accessories,1400,2800.0
11959,2025-05-10,2161,Smartphone,4,0.1,Ahmedabad,Net Banking,Electronics,28000,100800.0
11960,2025-08-19,2540,Sneakers,1,0.0,Kolkata,UPI,Clothing,3200,3200.0
11961,2025-11-22,2392,Smartwatch,5,0.05,Hyderabad,Cash on Delivery,Electronics,6500,30875.0
11962,2025-05-25,2769,Office Chair,5,0.1,Mumbai,Cash on Delivery,Furniture,8500,38250.0
11963,2025-12-11,2677,Headphones,1,0.0,Kolkata,Cash on Delivery,Electronics,2500,2500.0
11964,2025-01-28,2575,Sneakers,2,0.1,Bengaluru,UPI,Clothing,3200,5760.0
11965,2025-03-07,2534,Headphones,2,0.1,Ahmedabad,Credit Card,Electronics,2500,4500.0
11966,2025-06-12,2070,Backpack,3,0.1,Vijayawada,UPI,Accessories,1400,3780.0
11967,2025-08-17,2405,Desk,4,0.05,Bengaluru,UPI,Furniture,12000,45600.0
11968,2025-09-18,2608,Smartphone,2,0.05,Hyderabad,UPI,Electronics,28000,53200.0
11969,2025-06-13,2675,Desk,3,0.05,Kolkata,Debit Card,Furniture,12000,34200.0
11970,2025-10-28,2591,Jeans,5,0.15,Ahmedabad,UPI,Clothing,1800,7650.0
11971,2025-10-30,2517,Smartphone,5,0.0,Ahmedabad,Net Banking,Electronics,28000,140000.0
11972,2025-10-14,2120,T-Shirt,5,0.2,Kolkata,UPI,Clothing,900,3600.0
11973,2025-01-10,2690,Smartphone,1,0.1,Mumbai,UPI,Electronics,28000,25200.0
11974,2025-07-14,2688,Backpack,4,0.15,Kolkata,UPI,Accessories,1400,4760.0
11975,2025-04-28,2217,Backpack,3,0.05,Visakhapatnam,Cash on Delivery,Accessories,1400,3990.0
11976,2025-09-27,2056,Smartphone,4,0.05,Chennai,UPI,Electronics,28000,106400.0
11977,2025-03-21,2366,T-Shirt,1,0.15,Mumbai,Cash on Delivery,Clothing,900,765.0
11978,2025-04-03,2699,Office Chair,3,0.0,Chennai,Credit Card,Furniture,8500,25500.0
11979,2025-09-23,2504,Coffee Maker,3,0.0,Hyderabad,Net Banking,Home & Kitchen,4500,13500.0
11980,2025-11-28,2744,T-Shirt,2,0.0,Pune,UPI,Clothing,900,1800.0
11981,2025-12-16,2767,Mixer Grinder,4,0.2,Bengaluru,Credit Card,Home & Kitchen,3800,12160.0
11982,2025-12-27,2455,Jeans,4,0.1,Delhi,Debit Card,Clothing,1800,6480.0
11983,2025-09-14,2104,Smartwatch,2,0.1,Kolkata,Cash on Delivery,Electronics,6500,11700.0
11984,2025-05-13,2077,Desk,5,0.1,Bengaluru,Credit Card,Furniture,12000,54000.0
11985,2025-10-03,2230,T-Shirt,1,0.05,Delhi,Cash on Delivery,Clothing,900,855.0
11986,2025-09-21,2258,T-Shirt,4,0.1,Hyderabad,UPI,Clothing,900,3240.0
11987,2025-06-20,2264,T-Shirt,2,0.05,Hyderabad,Debit Card,Clothing,900,1710.0
11988,2025-01-01,2331,Desk,3,0.15,Pune,UPI,Furniture,12000,30600.0
11989,2025-11-09,2182,Office Chair,2,0.0,Mumbai,UPI,Furniture,8500,17000.0
11990,2025-03-05,2768,T-Shirt,5,0.0,Bengaluru,Credit Card,Clothing,900,4500.0
11991,2025-10-11,2550,Smartwatch,1,0.05,Bengaluru,Cash on Delivery,Electronics,6500,6175.0
11992,2025-05-01,2688,T-Shirt,5,0.05,Kolkata,Net Banking,Clothing,900,4275.0
11993,2025-04-17,2027,Jeans,3,0.1,Hyderabad,Credit Card,Clothing,1800,4860.0
11994,2025-06-24,2276,Headphones,3,0.05,Delhi,Cash on Delivery,Electronics,2500,7125.0
11995,2025-07-23,2652,Office Chair,3,0.0,Vijayawada,Credit Card,Furniture,8500,25500.0
11996,2025-06-14,2299,T-Shirt,3,0.05,Pune,Debit Card,Clothing,900,2565.0
11997,2025-11-01,2799,Smartwatch,2,0.1,Mumbai,UPI,Electronics,6500,11700.0
11998,2025-04-30,2091,Smartphone,3,0.0,Ahmedabad,Credit Card,Electronics,28000,84000.0
11999,2025-02-13,2480,Headphones,3,0.1,Vijayawada,UPI,Electronics,2500,6750.0
12000,2025-11-08,2573,Mixer Grinder,2,0.05,Visakhapatnam,UPI,Home & Kitchen,3800,7220.0
12001,2025-06-05,2458,Headphones,3,0.05,Chennai,Credit Card,Electronics,2500,7125.0
12002,2025-07-26,2451,Smartphone,5,0.0,Pune,Cash on Delivery,Electronics,28000,140000.0
12003,2025-04-18,2365,T-Shirt,5,0.15,Delhi,Credit Card,Clothing,900,3825.0
12004,2025-09-08,2675,Headphones,4,0.1,Vijayawada,Net Banking,Electronics,2500,9000.0
12005,2025-11-30,2351,Laptop,5,0.0,Delhi,Cash on Delivery,Electronics,55000,275000.0
12006,2025-05-10,2655,Smartwatch,1,0.1,Kolkata,UPI,Electronics,6500,5850.0
12007,2025-10-20,2400,Jeans,1,0.15,Pune,Credit Card,Clothing,1800,1530.0
12008,2025-01-20,2253,Jeans,1,0.05,Hyderabad,Debit Card,Clothing,1800,1710.0
12009,2025-10-09,2781,Smartwatch,2,0.15,Mumbai,Net Banking,Electronics,6500,11050.0
12010,2025-10-12,2459,T-Shirt,5,0.0,Delhi,Net Banking,Clothing,900,4500.0
12011,2025-01-01,2699,Mixer Grinder,1,0.15,Bengaluru,Cash on Delivery,Home & Kitchen,3800,3230.0
12012,2025-04-29,2499,Smartwatch,4,0.05,Vijayawada,Credit Card,Electronics,6500,24700.0
12013,2025-02-04,2508,Headphones,2,0.0,Bengaluru,Debit Card,Electronics,2500,5000.0
12014,2025-07-17,2304,Headphones,4,0.05,Delhi,UPI,Electronics,2500,9500.0
12015,2025-09-02,2501,T-Shirt,5,0.2,Vijayawada,UPI,Clothing,900,3600.0
12016,2025-02-28,2598,Backpack,3,0.1,Hyderabad,Debit Card,Accessories,1400,3780.0
12017,2025-11-21,2166,Headphones,4,0.1,Chennai,Cash on Delivery,Electronics,2500,9000.0
12018,2025-06-10,2415,Backpack,3,0.0,Chennai,Net Banking,Accessories,1400,4200.0
12019,2025-06-28,2462,Laptop,2,0.05,Kolkata,UPI,Electronics,55000,104500.0
12020,2025-07-25,2114,T-Shirt,4,0.0,Visakhapatnam,Cash on Delivery,Clothing,900,3600.0
12021,2025-01-12,2433,Backpack,4,0.0,Chennai,Cash on Delivery,Accessories,1400,5600.0
12022,2025-10-03,2356,Smartwatch,2,0.05,Visakhapatnam,Debit Card,Electronics,6500,12350.0
12023,2025-06-30,2695,Jeans,2,0.15,Vijayawada,UPI,Clothing,1800,3060.0
12024,2025-08-30,2207,Headphones,1,0.1,Chennai,Debit Card,Electronics,2500,2250.0
12025,2025-08-04,2768,Backpack,5,0.0,Delhi,Credit Card,Accessories,1400,7000.0
12026,2025-09-08,2235,Laptop,4,0.1,Hyderabad,Debit Card,Electronics,55000,198000.0
12027,2025-10-26,2442,Desk,4,0.15,Delhi,Debit Card,Furniture,12000,40800.0
12028,2025-05-06,2355,Headphones,2,0.1,Delhi,Cash on Delivery,Electronics,2500,4500.0
12029,2025-08-05,2515,Desk,2,0.1,Visakhapatnam,UPI,Furniture,12000,21600.0
12030,2025-11-02,2208,Smartwatch,5,0.2,Ahmedabad,UPI,Electronics,6500,26000.0
12031,2025-10-12,2709,Backpack,2,0.1,Ahmedabad,Credit Card,Accessories,1400,2520.0
12032,2025-07-04,2125,Smartwatch,3,0.0,,UPI,Electronics,6500,19500.0
12033,2025-02-08,2138,Coffee Maker,3,0.05,Chennai,Net Banking,Home & Kitchen,4500,12825.0
12034,2025-08-11,2339,Smartphone,3,0.2,Hyderabad,UPI,Electronics,28000,67200.0
12035,2025-07-03,2537,Smartphone,3,0.05,Hyderabad,Credit Card,Electronics,28000,79800.0
12036,2025-06-27,2068,T-Shirt,5,0.0,Bengaluru,Cash on Delivery,Clothing,900,4500.0
12037,2025-10-21,2573,Smartphone,4,0.05,Delhi,UPI,Electronics,28000,106400.0
12038,2025-12-06,2541,Headphones,3,0.1,Hyderabad,Cash on Delivery,Electronics,2500,6750.0
12039,2025-05-31,2383,Mixer Grinder,2,0.2,Vijayawada,Credit Card,Home & Kitchen,3800,6080.0
12040,2025-05-06,2019,Mixer Grinder,3,0.05,Pune,UPI,Home & Kitchen,3800,10830.0
12041,2025-10-28,2683,Smartwatch,5,0.05,Delhi,Net Banking,Electronics,6500,30875.0
12042,2025-11-04,2450,Coffee Maker,2,0.15,Visakhapatnam,UPI,Home & Kitchen,4500,7650.0
12043,2025-12-02,2074,Jeans,3,0.05,Delhi,Credit Card,Clothing,1800,5130.0
12044,2025-08-22,2573,Headphones,4,0.0,Hyderabad,UPI,Electronics,2500,10000.0
12045,2025-01-08,2665,Backpack,2,0.15,Kolkata,UPI,Accessories,1400,2380.0
12046,2025-12-07,2276,Sneakers,2,0.05,Vijayawada,Cash on Delivery,Clothing,3200,6080.0
12047,2025-05-09,2048,Mixer Grinder,4,0.05,Vijayawada,Cash on Delivery,Home & Kitchen,3800,14440.0
12048,2025-09-21,2211,Headphones,2,0.1,Chennai,UPI,Electronics,2500,4500.0
12049,2025-06-06,2651,Sneakers,3,0.0,Ahmedabad,Debit Card,Clothing,3200,9600.0
12050,2025-12-18,2622,Laptop,2,0.15,Visakhapatnam,Cash on Delivery,Electronics,55000,93500.0
12051,2025-12-24,2695,Smartphone,3,0.05,Chennai,Cash on Delivery,Electronics,28000,79800.0
12052,2025-01-05,2540,Laptop,4,0.05,Mumbai,Credit Card,Electronics,55000,209000.0
12053,2025-03-27,2709,Mixer Grinder,1,0.0,Pune,Cash on Delivery,Home & Kitchen,3800,3800.0
12054,2025-06-24,2191,Office Chair,4,0.05,Bengaluru,Credit Card,Furniture,8500,32300.0
12055,2025-10-17,2315,Office Chair,3,0.15,Vijayawada,Debit Card,Furniture,8500,21675.0
12056,2025-07-12,2563,T-Shirt,5,0.1,Visakhapatnam,Net Banking,Clothing,900,4050.0
12057,2025-11-07,2661,Headphones,4,0.15,Ahmedabad,UPI,Electronics,2500,8500.0
12058,2025-04-29,2780,Smartphone,5,0.05,Visakhapatnam,UPI,Electronics,28000,133000.0
12059,2025-08-06,2562,Headphones,5,0.1,Bengaluru,UPI,Electronics,2500,11250.0
12060,2025-04-24,2758,Smartwatch,3,0.05,Bengaluru,UPI,Electronics,6500,18525.0
12061,2025-05-25,2113,Backpack,3,0.15,Chennai,UPI,Accessories,1400,3570.0
12062,2025-01-26,2170,Jeans,1,0.1,Delhi,Debit Card,Clothing,1800,1620.0
12063,2025-05-16,2468,Laptop,2,0.05,Mumbai,Credit Card,Electronics,55000,104500.0
12064,2025-10-30,2678,Laptop,4,0.05,Mumbai,UPI,Electronics,55000,209000.0
12065,2025-08-20,2014,Smartphone,3,0.0,Hyderabad,UPI,Electronics,28000,84000.0
12066,2025-03-17,2715,T-Shirt,4,0.1,Mumbai,UPI,Clothing,900,3240.0
12067,2025-11-24,2288,Coffee Maker,5,0.2,Visakhapatnam,Credit Card,Home & Kitchen,4500,18000.0
12068,2025-12-11,2189,Sneakers,2,0.0,Mumbai,Debit Card,Clothing,3200,6400.0
12069,2025-10-29,2155,Office Chair,1,0.0,Ahmedabad,UPI,Furniture,8500,8500.0
12070,2025-10-16,2567,T-Shirt,4,0.0,Mumbai,Net Banking,Clothing,900,3600.0
12071,2025-01-01,2694,Smartwatch,2,0.1,Vijayawada,Credit Card,Electronics,6500,11700.0
12072,2025-05-27,2722,Smartphone,1,0.05,Hyderabad,Net Banking,Electronics,28000,26600.0
12073,2025-10-14,2471,Desk,4,0.0,Visakhapatnam,UPI,Furniture,12000,48000.0
12074,2025-05-22,2075,Office Chair,2,0.05,Bengaluru,Cash on Delivery,Furniture,8500,16150.0
12075,2025-02-22,2277,Smartphone,3,0.1,Chennai,Debit Card,Electronics,28000,75600.0
12076,2025-10-31,2645,T-Shirt,4,0.05,Pune,Cash on Delivery,Clothing,900,3420.0
12077,2025-03-10,2343,T-Shirt,2,0.1,Chennai,Debit Card,Clothing,900,1620.0
12078,2025-12-27,2425,Sneakers,1,0.05,Delhi,Net Banking,Clothing,3200,3040.0
12079,2025-03-31,2571,Mixer Grinder,2,0.05,Pune,Debit Card,Home & Kitchen,3800,7220.0
12080,2025-08-08,2511,Jeans,3,0.0,Ahmedabad,Cash on Delivery,Clothing,1800,5400.0
12081,2025-07-11,2182,Jeans,4,0.0,Kolkata,Cash on Delivery,Clothing,1800,7200.0
12082,2025-03-04,2458,Laptop,4,0.05,Hyderabad,Debit Card,Electronics,55000,209000.0
12083,2025-03-14,2064,Laptop,4,0.05,Bengaluru,Credit Card,Electronics,55000,209000.0
12084,2025-06-10,2260,Headphones,3,0.1,Chennai,UPI,Electronics,2500,6750.0
12085,2025-06-18,2193,Laptop,1,0.0,Mumbai,Cash on Delivery,Electronics,55000,55000.0
12086,2025-03-30,2655,Backpack,4,0.0,Hyderabad,Credit Card,Accessories,1400,5600.0
12087,2025-06-25,2616,Backpack,1,0.15,Mumbai,Debit Card,Accessories,1400,1190.0
12088,2025-09-26,2406,Smartphone,2,0.1,Hyderabad,UPI,Electronics,28000,50400.0
12089,2025-03-14,2726,Office Chair,1,0.1,Hyderabad,Credit Card,Furniture,8500,7650.0
12090,2025-09-02,2754,Smartphone,1,0.15,Delhi,Debit Card,Electronics,28000,23800.0
12091,2025-03-18,2721,Headphones,4,0.05,Vijayawada,Credit Card,Electronics,2500,9500.0
12092,2025-06-08,2093,Headphones,5,0.1,Ahmedabad,Credit Card,Electronics,2500,11250.0
12093,2025-11-20,2430,Smartwatch,5,0.05,Mumbai,UPI,Electronics,6500,30875.0
12094,2025-04-08,2654,Headphones,3,0.0,Mumbai,UPI,Electronics,2500,7500.0
12095,2025-04-12,2434,T-Shirt,3,0.05,Mumbai,Debit Card,Clothing,900,2565.0
12096,2025-05-12,2404,T-Shirt,5,0.05,Delhi,UPI,Clothing,900,4275.0
12097,2025-04-12,2434,Mixer Grinder,2,0.05,Chennai,Debit Card,Home & Kitchen,3800,7220.0
12098,2025-01-19,2112,Laptop,4,0.05,Visakhapatnam,Credit Card,Electronics,55000,209000.0
12099,2025-03-23,2375,Smartphone,4,0.05,Mumbai,Net Banking,Electronics,28000,106400.0
12100,2025-10-06,2059,Laptop,2,0.0,Chennai,UPI,Electronics,55000,110000.0
12101,2025-12-05,2043,Sneakers,2,0.0,Vijayawada,UPI,Clothing,3200,6400.0
12102,2025-12-31,2207,Laptop,5,0.0,Mumbai,Credit Card,Electronics,55000,275000.0
12103,2025-11-27,2780,Office Chair,3,0.0,Ahmedabad,Credit Card,Furniture,8500,25500.0
12104,2025-05-09,2296,T-Shirt,2,0.05,Bengaluru,UPI,Clothing,900,1710.0
12105,2025-12-10,2118,Jeans,3,0.1,Kolkata,Cash on Delivery,Clothing,1800,4860.0
12106,2025-11-06,2532,Jeans,1,0.0,Mumbai,Credit Card,Clothing,1800,1800.0
12107,2025-03-30,2222,Smartphone,4,0.15,Visakhapatnam,UPI,Electronics,28000,95200.0
12108,2025-08-01,2166,Headphones,5,0.15,Bengaluru,UPI,Electronics,2500,10625.0
12109,2025-05-23,2643,Smartwatch,4,0.05,Ahmedabad,Cash on Delivery,Electronics,6500,24700.0
12110,2025-03-06,2156,Jeans,5,0.1,Delhi,UPI,Clothing,1800,8100.0
12111,2025-03-17,2184,Headphones,1,0.05,Kolkata,UPI,Electronics,2500,2375.0
12112,2025-07-18,2090,Smartphone,4,0.0,Delhi,UPI,Electronics,28000,112000.0
12113,2025-05-23,2094,Mixer Grinder,1,0.15,Visakhapatnam,Debit Card,Home & Kitchen,3800,3230.0
12114,2025-11-12,2013,Laptop,5,0.0,Kolkata,Cash on Delivery,Electronics,55000,275000.0
12115,2025-04-03,2742,Office Chair,2,0.15,Visakhapatnam,UPI,Furniture,8500,14450.0
12116,2025-11-01,2438,Office Chair,4,0.1,Delhi,UPI,Furniture,8500,30600.0
12117,2025-08-12,2538,Headphones,1,0.05,Ahmedabad,,Electronics,2500,2375.0
12118,2025-10-18,2587,Smartphone,4,0.05,Kolkata,Debit Card,Electronics,28000,106400.0
12119,2025-04-12,2150,Smartphone,4,0.05,Pune,UPI,Electronics,28000,106400.0
12120,2025-09-24,2660,Sneakers,4,0.0,Chennai,Cash on Delivery,Clothing,3200,12800.0
12121,2025-12-21,2008,Sneakers,3,0.05,Ahmedabad,UPI,Clothing,3200,9120.0
12122,2025-04-20,2029,Office Chair,1,0.1,Kolkata,UPI,Furniture,8500,7650.0
12123,2025-11-26,2296,Coffee Maker,1,0.05,Visakhapatnam,UPI,Home & Kitchen,4500,4275.0
12124,2025-09-22,2721,Sneakers,4,0.0,Visakhapatnam,Cash on Delivery,Clothing,3200,12800.0
12125,2025-01-03,2640,Smartphone,2,0.05,Vijayawada,Debit Card,Electronics,28000,53200.0
12126,2025-03-26,2340,Headphones,4,0.15,Ahmedabad,Net Banking,Electronics,2500,8500.0
12127,2025-10-09,2628,Desk,3,0.05,Visakhapatnam,UPI,Furniture,12000,34200.0
12128,2025-11-24,2439,Headphones,5,0.05,Hyderabad,UPI,Electronics,2500,11875.0
12129,2025-10-31,2144,Laptop,3,0.2,Chennai,Credit Card,Electronics,55000,132000.0
12130,2025-04-27,2747,Backpack,2,0.05,Delhi,Credit Card,Accessories,1400,2660.0
12131,2025-08-09,2519,T-Shirt,4,0.05,Bengaluru,Credit Card,Clothing,900,3420.0
12132,2025-06-03,2045,Coffee Maker,1,0.15,Vijayawada,UPI,Home & Kitchen,4500,3825.0
12133,2025-06-02,2239,Sneakers,4,0.1,Visakhapatnam,UPI,Clothing,3200,11520.0
12134,2025-01-12,2155,Smartphone,2,0.0,Hyderabad,UPI,Electronics,28000,56000.0
12135,2025-05-13,2181,Mixer Grinder,1,0.0,Vijayawada,Debit Card,Home & Kitchen,3800,3800.0
12136,2025-10-31,2215,Headphones,3,0.1,Hyderabad,Credit Card,Electronics,2500,6750.0
12137,2025-10-20,2088,Smartwatch,5,0.0,,Cash on Delivery,Electronics,6500,32500.0
12138,2025-10-27,2256,T-Shirt,5,0.15,Visakhapatnam,UPI,Clothing,900,3825.0
12139,2025-08-16,2511,Laptop,4,0.0,Hyderabad,Cash on Delivery,Electronics,55000,220000.0
12140,2025-09-28,2073,T-Shirt,3,0.05,Kolkata,Credit Card,Clothing,900,2565.0
12141,2025-02-12,2179,Smartphone,2,0.0,Ahmedabad,UPI,Electronics,28000,56000.0
12142,2025-12-09,2212,T-Shirt,5,0.1,Bengaluru,Net Banking,Clothing,900,4050.0
12143,2025-11-22,2234,Smartwatch,3,0.15,Delhi,Credit Card,Electronics,6500,16575.0
12144,2025-10-29,2465,Backpack,4,0.1,Bengaluru,Debit Card,Accessories,1400,5040.0
12145,2025-12-30,2751,Office Chair,1,0.15,Delhi,Debit Card,Furniture,8500,7225.0
12146,2025-01-21,2223,Smartphone,4,0.0,Pune,UPI,Electronics,28000,112000.0
12147,2025-04-17,2631,Smartwatch,4,0.0,Chennai,Debit Card,Electronics,6500,26000.0
12148,2025-12-02,2264,Smartwatch,3,0.15,Pune,Cash on Delivery,Electronics,6500,16575.0
12149,2025-10-30,2207,Smartphone,5,0.15,Mumbai,Credit Card,Electronics,28000,119000.0
12150,2025-04-27,2607,Office Chair,3,0.15,Visakhapatnam,Debit Card,Furniture,8500,21675.0
12151,2025-05-04,2734,Backpack,1,0.1,Kolkata,Debit Card,Accessories,1400,1260.0
12152,2025-10-08,2366,Headphones,3,0.05,Ahmedabad,UPI,Electronics,2500,7125.0
12153,2025-10-19,2276,Smartwatch,2,0.0,Kolkata,UPI,Electronics,6500,13000.0
12154,2025-07-22,2380,Smartphone,4,0.15,Bengaluru,UPI,Electronics,28000,95200.0
12155,2025-02-20,2743,Sneakers,5,0.05,Delhi,Debit Card,Clothing,3200,15200.0
12156,2025-09-28,2309,Smartphone,1,0.05,Pune,Cash on Delivery,Electronics,28000,26600.0
12157,2025-11-20,2631,Mixer Grinder,4,0.1,Kolkata,Debit Card,Home & Kitchen,3800,13680.0
12158,2025-10-04,2268,Office Chair,3,0.0,Pune,UPI,Furniture,8500,25500.0
12159,2025-05-21,2785,Smartwatch,2,0.15,Chennai,Credit Card,Electronics,6500,11050.0
12160,2025-10-02,2064,Jeans,3,0.0,Chennai,Cash on Delivery,Clothing,1800,5400.0
12161,2025-10-17,2350,Coffee Maker,4,0.1,Delhi,UPI,Home & Kitchen,4500,16200.0
12162,2025-11-30,2494,Jeans,1,0.1,Mumbai,Cash on Delivery,Clothing,1800,1620.0
12163,2025-02-21,2523,Smartphone,5,0.1,Kolkata,Cash on Delivery,Electronics,28000,126000.0
12164,2025-01-27,2098,Smartwatch,4,0.05,Ahmedabad,UPI,Electronics,6500,24700.0
12165,2025-06-06,2071,Desk,1,0.0,Pune,UPI,Furniture,12000,12000.0
12166,2025-08-27,2364,Sneakers,4,0.05,Pune,Credit Card,Clothing,3200,12160.0
12167,2025-06-05,2570,Sneakers,2,0.05,Chennai,Debit Card,Clothing,3200,6080.0
12168,2025-10-18,2763,Desk,3,0.1,Visakhapatnam,Cash on Delivery,Furniture,12000,32400.0
12169,2025-05-16,2276,Coffee Maker,5,0.0,Delhi,Debit Card,Home & Kitchen,4500,22500.0
12170,2025-05-24,2050,Coffee Maker,1,0.0,Pune,Credit Card,Home & Kitchen,4500,4500.0
12171,2025-04-16,2358,Smartphone,5,0.0,Chennai,UPI,Electronics,28000,140000.0
12172,2025-06-07,2728,Jeans,5,0.1,Chennai,Cash on Delivery,Clothing,1800,8100.0
12173,2025-05-26,2564,Backpack,5,0.0,Hyderabad,UPI,Accessories,1400,7000.0
12174,2025-01-02,2783,Backpack,1,0.15,Pune,Debit Card,Accessories,1400,1190.0
12175,2025-03-18,2485,Jeans,1,0.1,Hyderabad,UPI,Clothing,1800,1620.0
12176,2025-05-12,2084,Smartphone,5,0.1,Ahmedabad,UPI,Electronics,28000,126000.0
12177,2025-03-31,2638,Office Chair,3,0.15,Ahmedabad,UPI,Furniture,8500,21675.0
12178,2025-12-11,2584,Backpack,4,0.0,Chennai,UPI,Accessories,1400,5600.0
12179,2025-12-16,2296,Smartphone,5,0.15,Visakhapatnam,Debit Card,Electronics,28000,119000.0
12180,2025-09-20,2236,T-Shirt,2,0.05,Visakhapatnam,UPI,Clothing,900,1710.0
12181,2025-12-17,2056,Smartphone,5,0.15,Hyderabad,Net Banking,Electronics,28000,119000.0
12182,2025-04-18,2360,Smartwatch,1,0.15,Chennai,Credit Card,Electronics,6500,5525.0
12183,2025-03-15,2110,Laptop,4,0.0,Hyderabad,Credit Card,Electronics,55000,220000.0
12184,2025-02-08,2192,T-Shirt,2,0.05,Delhi,Credit Card,Clothing,900,1710.0
12185,2025-06-08,2093,Jeans,4,0.05,Hyderabad,Credit Card,Clothing,1800,6840.0
12186,2025-03-12,2568,Jeans,4,0.1,Mumbai,UPI,Clothing,1800,6480.0
12187,2025-11-08,2060,Sneakers,2,0.0,Pune,Net Banking,Clothing,3200,6400.0
12188,2025-08-29,2650,Office Chair,5,0.0,Ahmedabad,Credit Card,Furniture,8500,42500.0
12189,2025-10-25,2039,Headphones,5,0.05,Vijayawada,UPI,Electronics,2500,11875.0
12190,2025-02-05,2540,Smartphone,5,0.05,Chennai,Credit Card,Electronics,28000,133000.0
12191,2025-03-25,2049,Desk,3,0.2,Visakhapatnam,Credit Card,Furniture,12000,28800.0
12192,2025-09-20,2420,Smartphone,5,0.1,Kolkata,UPI,Electronics,28000,126000.0
12193,2025-11-06,2637,Mixer Grinder,2,0.05,Pune,Net Banking,Home & Kitchen,3800,7220.0
12194,2025-06-21,2013,Desk,3,0.0,Vijayawada,UPI,Furniture,12000,36000.0
12195,2025-06-22,2036,T-Shirt,5,0.0,Mumbai,Credit Card,Clothing,900,4500.0
12196,2025-12-28,2101,Mixer Grinder,3,0.05,Kolkata,Net Banking,Home & Kitchen,3800,10830.0
12197,2025-02-16,2794,Smartphone,2,0.15,Visakhapatnam,UPI,Electronics,28000,47600.0
12198,2025-05-21,2086,Headphones,5,0.05,Mumbai,UPI,Electronics,2500,11875.0
12199,2025-04-28,2516,Sneakers,1,0.05,Visakhapatnam,UPI,Clothing,3200,3040.0
12200,2025-10-04,2223,Smartwatch,2,0.15,Visakhapatnam,UPI,Electronics,6500,11050.0
12201,2025-08-02,2338,Coffee Maker,4,0.15,Chennai,UPI,Home & Kitchen,4500,15300.0
12202,2025-08-08,2166,Laptop,4,0.0,Kolkata,Cash on Delivery,Electronics,55000,220000.0
12203,2025-01-26,2383,Jeans,2,0.0,Delhi,Cash on Delivery,Clothing,1800,3600.0
12204,2025-01-09,2376,Jeans,4,0.05,Hyderabad,Debit Card,Clothing,1800,6840.0
12205,2025-09-28,2471,Sneakers,2,0.1,Hyderabad,UPI,Clothing,3200,5760.0
12206,2025-01-10,2790,Headphones,1,0.2,Pune,Cash on Delivery,Electronics,2500,2000.0
12207,2025-05-01,2642,Smartwatch,2,0.0,Visakhapatnam,Credit Card,Electronics,6500,13000.0
12208,2025-05-05,2031,Desk,5,0.0,Pune,UPI,Furniture,12000,60000.0
12209,2025-06-19,2375,Headphones,5,0.15,Kolkata,Credit Card,Electronics,2500,10625.0
12210,2025-03-13,2011,Office Chair,3,0.1,Visakhapatnam,UPI,Furniture,8500,22950.0
12211,2025-06-01,2302,Jeans,4,0.2,Visakhapatnam,Net Banking,Clothing,1800,5760.0
12212,2025-07-27,2096,Backpack,4,0.05,Vijayawada,Debit Card,Accessories,1400,5320.0
12213,2025-02-18,2190,Backpack,2,0.05,Ahmedabad,Debit Card,Accessories,1400,2660.0
12214,2025-06-03,2453,Headphones,4,0.0,Hyderabad,Debit Card,Electronics,2500,10000.0
12215,2025-12-13,2192,Jeans,5,0.0,Kolkata,Debit Card,Clothing,1800,9000.0
12216,2025-10-20,2486,Desk,1,0.1,Mumbai,UPI,Furniture,12000,10800.0
12217,2025-03-09,2266,T-Shirt,2,0.05,Mumbai,Credit Card,Clothing,900,1710.0
12218,2025-02-19,2424,Mixer Grinder,4,0.0,Delhi,Cash on Delivery,Home & Kitchen,3800,15200.0
12219,2025-06-01,2128,T-Shirt,5,0.15,Bengaluru,UPI,Clothing,900,3825.0
12220,2025-01-19,2238,Smartphone,3,0.0,Kolkata,Net Banking,Electronics,28000,84000.0
12221,2025-04-10,2355,Smartwatch,4,0.1,Bengaluru,Credit Card,Electronics,6500,23400.0
12222,2025-03-01,2112,Mixer Grinder,1,0.0,Vijayawada,UPI,Home & Kitchen,3800,3800.0
12223,2025-06-16,2446,Smartwatch,1,0.15,Mumbai,Credit Card,Electronics,6500,5525.0
12224,2025-07-21,2343,Desk,4,0.0,Kolkata,Cash on Delivery,Furniture,12000,48000.0
12225,2025-12-11,2145,Desk,4,0.1,Visakhapatnam,Credit Card,Furniture,12000,43200.0
12226,2025-05-26,2065,Smartwatch,5,0.0,Ahmedabad,Debit Card,Electronics,6500,32500.0
12227,2025-06-13,2247,Smartphone,4,0.05,Chennai,Credit Card,Electronics,28000,106400.0
12228,2025-08-30,2735,Backpack,3,0.1,Ahmedabad,Debit Card,Accessories,1400,3780.0
12229,2025-03-10,2490,Smartwatch,5,0.0,Delhi,UPI,Electronics,6500,32500.0
12230,2025-06-24,2439,Office Chair,2,0.0,Mumbai,UPI,Furniture,8500,17000.0
12231,2025-02-18,2106,T-Shirt,3,0.15,Pune,UPI,Clothing,900,2295.0
12232,2025-04-18,2181,T-Shirt,5,0.15,Pune,UPI,Clothing,900,3825.0
12233,2025-08-14,2184,Backpack,5,0.0,Chennai,UPI,Accessories,1400,7000.0
12234,2025-06-10,2226,Smartwatch,1,0.0,Mumbai,Debit Card,Electronics,6500,6500.0
12235,2025-04-29,2777,T-Shirt,5,0.0,Kolkata,Credit Card,Clothing,900,4500.0
12236,2025-05-29,2790,Smartwatch,3,0.0,Visakhapatnam,UPI,Electronics,6500,19500.0
12237,2025-05-30,2089,Smartwatch,4,0.2,Delhi,UPI,Electronics,6500,20800.0
12238,2025-10-20,2688,Jeans,3,0.1,Pune,UPI,Clothing,1800,4860.0
12239,2025-05-23,2530,Office Chair,2,0.05,Chennai,UPI,Furniture,8500,16150.0
12240,2025-06-09,2371,Smartwatch,5,0.2,Ahmedabad,UPI,Electronics,6500,26000.0
12241,2025-01-11,2399,Jeans,5,0.1,Visakhapatnam,Credit Card,Clothing,1800,8100.0
12242,2025-05-18,2106,Sneakers,5,0.1,Pune,UPI,Clothing,3200,14400.0
12243,2025-03-19,2271,Headphones,5,0.05,Ahmedabad,Credit Card,Electronics,2500,11875.0
12244,2025-03-18,2503,Headphones,1,0.05,Kolkata,Debit Card,Electronics,2500,2375.0
12245,2025-09-11,2679,Coffee Maker,1,0.1,Ahmedabad,UPI,Home & Kitchen,4500,4050.0
12246,2025-09-15,2525,Backpack,4,0.0,Visakhapatnam,UPI,Accessories,1400,5600.0
12247,2025-11-16,2032,Jeans,5,0.0,Ahmedabad,UPI,Clothing,1800,9000.0
12248,2025-10-18,2393,Sneakers,2,0.0,Kolkata,UPI,Clothing,3200,6400.0
12249,2025-09-20,2040,Laptop,4,0.0,Delhi,UPI,Electronics,55000,220000.0
12250,2025-03-26,2660,Jeans,5,0.05,Visakhapatnam,Debit Card,Clothing,1800,8550.0
12251,2025-05-26,2218,T-Shirt,1,0.1,Delhi,UPI,Clothing,900,810.0
12252,2025-11-19,2731,Jeans,2,0.05,Chennai,Net Banking,Clothing,1800,3420.0
12253,2025-02-11,2082,Smartwatch,4,0.0,Mumbai,UPI,Electronics,6500,26000.0
12254,2025-05-05,2720,Smartphone,2,0.1,Ahmedabad,Cash on Delivery,Electronics,28000,50400.0
12255,2025-06-16,2201,Headphones,5,0.0,Vijayawada,Debit Card,Electronics,2500,12500.0
12256,2025-08-29,2447,Mixer Grinder,3,0.05,Delhi,UPI,Home & Kitchen,3800,10830.0
12257,2025-10-07,2428,T-Shirt,2,0.1,Kolkata,UPI,Clothing,900,1620.0
12258,2025-07-07,2038,T-Shirt,2,0.0,Pune,Credit Card,Clothing,900,1800.0
12259,2025-10-29,2211,Laptop,1,0.1,Delhi,Cash on Delivery,Electronics,55000,49500.0
12260,2025-01-19,2444,Laptop,5,0.1,Pune,Credit Card,Electronics,55000,247500.0
12261,2025-03-09,2327,Backpack,2,0.0,Ahmedabad,UPI,Accessories,1400,2800.0
12262,2025-08-06,2761,Jeans,5,0.0,Chennai,UPI,Clothing,1800,9000.0
12263,2025-04-12,2227,T-Shirt,1,0.2,Hyderabad,UPI,Clothing,900,720.0
12264,2025-02-11,2048,Headphones,5,0.0,Visakhapatnam,Net Banking,Electronics,2500,12500.0
12265,2025-10-15,2018,Backpack,1,0.15,Pune,Debit Card,Accessories,1400,1190.0
12266,2025-06-16,2439,Smartphone,1,0.1,Pune,UPI,Electronics,28000,25200.0
12267,2025-04-19,2708,Headphones,4,0.0,Visakhapatnam,UPI,Electronics,2500,10000.0
12268,2025-02-05,2187,T-Shirt,5,0.0,Hyderabad,UPI,Clothing,900,4500.0
12269,2025-08-20,2345,Headphones,3,0.05,Ahmedabad,Cash on Delivery,Electronics,2500,7125.0
12270,2025-08-17,2224,Headphones,4,0.05,Kolkata,Net Banking,Electronics,2500,9500.0
12271,2025-12-19,2488,Sneakers,1,0.1,Mumbai,UPI,Clothing,3200,2880.0
12272,2025-06-13,2229,Sneakers,3,0.15,Pune,Credit Card,Clothing,3200,8160.0
12273,2025-03-14,2390,Office Chair,2,0.15,Hyderabad,Net Banking,Furniture,8500,14450.0
12274,2025-05-16,2589,T-Shirt,2,0.0,Hyderabad,UPI,Clothing,900,1800.0
12275,2025-12-19,2188,Laptop,4,0.15,Chennai,UPI,Electronics,55000,187000.0
12276,2025-03-11,2270,Headphones,3,0.15,Pune,UPI,Electronics,2500,6375.0
12277,2025-07-15,2607,Mixer Grinder,5,0.15,Delhi,UPI,Home & Kitchen,3800,16150.0
12278,2025-09-26,2310,Jeans,3,0.05,Ahmedabad,UPI,Clothing,1800,5130.0
12279,2025-02-18,2132,Backpack,4,0.1,Kolkata,Net Banking,Accessories,1400,5040.0
12280,2025-11-12,2551,Laptop,5,0.1,Hyderabad,Credit Card,Electronics,55000,247500.0
12281,2025-05-10,2072,T-Shirt,5,0.05,Chennai,UPI,Clothing,900,4275.0
12282,2025-01-05,2793,Laptop,2,0.2,Chennai,UPI,Electronics,55000,88000.0
12283,2025-01-27,2672,Jeans,3,0.0,Visakhapatnam,Debit Card,Clothing,1800,5400.0
12284,2025-06-09,2187,Coffee Maker,5,0.0,Pune,UPI,Home & Kitchen,4500,22500.0
12285,2025-05-29,2486,Mixer Grinder,4,0.15,Hyderabad,UPI,Home & Kitchen,3800,12920.0
12286,2025-09-21,2191,Jeans,2,0.0,Kolkata,UPI,Clothing,1800,3600.0
12287,2025-08-18,2422,T-Shirt,5,0.15,Delhi,Debit Card,Clothing,900,3825.0
12288,2025-07-19,2120,Mixer Grinder,3,0.1,Vijayawada,UPI,Home & Kitchen,3800,10260.0
12289,2025-02-19,2220,Sneakers,2,0.0,Vijayawada,UPI,Clothing,3200,6400.0
12290,2025-03-08,2053,Laptop,3,0.05,Delhi,Credit Card,Electronics,55000,156750.0
12291,2025-10-27,2734,T-Shirt,3,0.1,Hyderabad,UPI,Clothing,900,2430.0
12292,2025-02-27,2451,Headphones,3,0.1,Pune,Net Banking,Electronics,2500,6750.0
12293,2025-09-16,2412,T-Shirt,2,0.15,Kolkata,Debit Card,Clothing,900,1530.0
12294,2025-12-08,2643,T-Shirt,5,0.15,Visakhapatnam,UPI,Clothing,900,3825.0
12295,2025-11-22,2237,Jeans,1,0.05,Pune,UPI,Clothing,1800,1710.0
12296,2025-05-10,2758,Smartwatch,5,0.0,Mumbai,Credit Card,Electronics,6500,32500.0
12297,2025-08-03,2738,Smartphone,2,0.15,Pune,UPI,Electronics,28000,47600.0
12298,2025-06-21,2720,T-Shirt,1,0.05,Pune,Cash on Delivery,Clothing,900,855.0
12299,2025-09-15,2406,Office Chair,1,0.0,Ahmedabad,Credit Card,Furniture,8500,8500.0
12300,2025-04-12,2608,Sneakers,1,0.15,Hyderabad,Credit Card,Clothing,3200,2720.0
12301,2025-07-28,2422,Smartwatch,4,0.15,Visakhapatnam,Net Banking,Electronics,6500,22100.0
12302,2025-10-18,2712,Coffee Maker,2,0.1,Ahmedabad,Credit Card,Home & Kitchen,4500,8100.0
12303,2025-12-20,2247,Coffee Maker,4,0.05,Hyderabad,Credit Card,Home & Kitchen,4500,17100.0
12304,2025-10-13,2072,Headphones,1,0.1,Bengaluru,Debit Card,Electronics,2500,2250.0
12305,2025-04-26,2185,Laptop,4,0.1,Visakhapatnam,Cash on Delivery,Electronics,55000,198000.0
12306,2025-09-21,2006,Backpack,4,0.15,Hyderabad,Debit Card,Accessories,1400,4760.0
12307,2025-05-30,2206,Office Chair,2,0.2,Vijayawada,Debit Card,Furniture,8500,13600.0
12308,2025-10-27,2544,Mixer Grinder,3,0.05,Ahmedabad,UPI,Home & Kitchen,3800,10830.0
12309,2025-02-05,2611,Desk,4,0.1,Bengaluru,Credit Card,Furniture,12000,43200.0
12310,2025-11-29,2387,Jeans,4,0.2,Visakhapatnam,UPI,Clothing,1800,5760.0
12311,2025-10-14,2768,Jeans,1,0.0,Mumbai,Debit Card,Clothing,1800,1800.0
12312,2025-10-30,2699,Laptop,1,0.0,Kolkata,UPI,Electronics,55000,55000.0
12313,2025-11-07,2076,Headphones,1,0.15,Mumbai,UPI,Electronics,2500,2125.0
12314,2025-07-27,2177,T-Shirt,5,0.0,Vijayawada,Net Banking,Clothing,900,4500.0
12315,2025-04-16,2799,Sneakers,4,0.0,Vijayawada,UPI,Clothing,3200,12800.0
12316,2025-06-07,2349,Jeans,1,0.0,Delhi,UPI,Clothing,1800,1800.0
12317,2025-05-01,2255,Backpack,2,0.05,Delhi,UPI,Accessories,1400,2660.0
12318,2025-02-24,2702,Headphones,5,0.0,Mumbai,UPI,Electronics,2500,12500.0
12319,2025-01-12,2308,Jeans,3,0.05,Ahmedabad,Credit Card,Clothing,1800,5130.0
12320,2025-05-25,2345,Smartphone,4,0.2,Pune,UPI,Electronics,28000,89600.0
12321,2025-05-16,2127,T-Shirt,4,0.1,Hyderabad,UPI,Clothing,900,3240.0
12322,2025-01-03,2287,Backpack,2,0.1,Kolkata,UPI,Accessories,1400,2520.0
12323,2025-05-24,2766,Sneakers,3,0.0,Bengaluru,UPI,Clothing,3200,9600.0
12324,2025-01-30,2725,Mixer Grinder,3,0.1,Kolkata,UPI,Home & Kitchen,3800,10260.0
12325,2025-08-25,2762,Headphones,5,0.1,Vijayawada,Credit Card,Electronics,2500,11250.0
12326,2025-10-06,2596,T-Shirt,4,0.1,Delhi,UPI,Clothing,900,3240.0
12327,2025-12-14,2487,Smartwatch,1,0.0,Pune,UPI,Electronics,6500,6500.0
12328,2025-04-25,2383,T-Shirt,2,0.05,Chennai,Cash on Delivery,Clothing,900,1710.0
12329,2025-04-14,2406,Desk,2,0.15,Visakhapatnam,Cash on Delivery,Furniture,12000,20400.0
12330,2025-04-28,2388,Sneakers,2,0.1,Chennai,UPI,Clothing,3200,5760.0
12331,2025-01-05,2525,Desk,2,0.1,Chennai,UPI,Furniture,12000,21600.0
12332,2025-12-26,2557,Headphones,1,0.1,Ahmedabad,Credit Card,Electronics,2500,2250.0
12333,2025-09-05,2639,Desk,1,0.05,Ahmedabad,Debit Card,Furniture,12000,11400.0
12334,2025-12-30,2626,Laptop,5,0.1,Delhi,Net Banking,Electronics,55000,247500.0
12335,2025-11-17,2276,Desk,4,0.0,Chennai,UPI,Furniture,12000,48000.0
12336,2025-05-01,2500,Smartwatch,1,0.1,Bengaluru,Debit Card,Electronics,6500,5850.0
12337,2025-10-13,2717,Smartwatch,5,0.2,Vijayawada,Cash on Delivery,Electronics,6500,26000.0
12338,2025-05-29,2337,T-Shirt,3,0.1,Chennai,Credit Card,Clothing,900,2430.0
12339,2025-03-25,2481,Mixer Grinder,4,0.0,Pune,UPI,Home & Kitchen,3800,15200.0
12340,2025-08-19,2273,Laptop,1,0.0,Visakhapatnam,UPI,Electronics,55000,55000.0
12341,2025-10-15,2058,Smartwatch,3,0.1,Hyderabad,UPI,Electronics,6500,17550.0
12342,2025-06-10,2328,Desk,5,0.15,Delhi,UPI,Furniture,12000,51000.0
12343,2025-09-29,2731,Smartwatch,1,0.1,Delhi,Debit Card,Electronics,6500,5850.0
12344,2025-02-07,2109,Headphones,1,0.05,Mumbai,UPI,Electronics,2500,2375.0
12345,2025-08-14,2279,T-Shirt,3,0.0,Pune,UPI,Clothing,900,2700.0
12346,2025-05-22,2686,Smartwatch,1,0.1,Ahmedabad,Cash on Delivery,Electronics,6500,5850.0
12347,2025-10-19,2328,Coffee Maker,2,0.1,Vijayawada,Credit Card,Home & Kitchen,4500,8100.0
12348,2025-05-31,2776,Backpack,1,0.2,Bengaluru,UPI,Accessories,1400,1120.0
12349,2025-04-24,2315,T-Shirt,4,0.05,Pune,UPI,Clothing,900,3420.0
12350,2025-08-25,2474,Mixer Grinder,3,0.1,Kolkata,UPI,Home & Kitchen,3800,10260.0
12351,2025-03-07,2111,T-Shirt,4,0.05,Hyderabad,UPI,Clothing,900,3420.0
12352,2025-12-27,2699,Laptop,5,0.1,Visakhapatnam,Cash on Delivery,Electronics,55000,247500.0
12353,2025-12-07,2781,Headphones,4,0.15,Mumbai,UPI,Electronics,2500,8500.0
12354,2025-09-15,2229,T-Shirt,2,0.0,Pune,Credit Card,Clothing,900,1800.0
12355,2025-09-06,2497,Smartphone,2,0.05,Mumbai,UPI,Electronics,28000,53200.0
12356,2025-11-27,2156,Mixer Grinder,4,0.1,Hyderabad,Net Banking,Home & Kitchen,3800,13680.0
12357,2025-11-19,2473,Backpack,5,0.1,Chennai,Debit Card,Accessories,1400,6300.0
12358,2025-06-29,2701,Headphones,1,0.0,Mumbai,Net Banking,Electronics,2500,2500.0
12359,2025-07-09,2272,Jeans,2,0.05,Delhi,Credit Card,Clothing,1800,3420.0
12360,2025-06-03,2002,Backpack,4,0.1,Ahmedabad,Cash on Delivery,Accessories,1400,5040.0
12361,2025-07-15,2758,Mixer Grinder,4,0.15,Chennai,Cash on Delivery,Home & Kitchen,3800,12920.0
12362,2025-11-07,2722,Desk,4,0.0,Pune,Debit Card,Furniture,12000,48000.0
12363,2025-09-19,2511,T-Shirt,1,0.15,Visakhapatnam,UPI,Clothing,900,765.0
12364,2025-05-23,2286,Backpack,3,0.0,Delhi,UPI,Accessories,1400,4200.0
12365,2025-12-08,2013,Jeans,5,0.0,Hyderabad,UPI,Clothing,1800,9000.0
12366,2025-11-12,2608,Jeans,3,0.0,Chennai,UPI,Clothing,1800,5400.0
12367,2025-04-11,2498,Smartphone,5,0.15,Delhi,Debit Card,Electronics,28000,119000.0
12368,2025-09-01,2733,Smartphone,5,0.0,Ahmedabad,Credit Card,Electronics,28000,140000.0
12369,2025-01-12,2238,Jeans,4,0.1,Chennai,Credit Card,Clothing,1800,6480.0
12370,2025-08-27,2094,Headphones,2,0.05,Vijayawada,UPI,Electronics,2500,4750.0
12371,2025-02-18,2338,Laptop,4,0.2,Vijayawada,UPI,Electronics,55000,176000.0
12372,2025-02-11,2781,Backpack,1,0.15,Chennai,UPI,Accessories,1400,1190.0
12373,2025-06-15,2171,Laptop,5,0.1,Chennai,Credit Card,Electronics,55000,247500.0
12374,2025-03-23,2606,Jeans,2,0.15,Vijayawada,Debit Card,Clothing,1800,3060.0
12375,2025-10-18,2661,Jeans,5,0.1,Pune,UPI,Clothing,1800,8100.0
12376,2025-06-07,2624,Mixer Grinder,5,0.15,Mumbai,Debit Card,Home & Kitchen,3800,16150.0
12377,2025-08-04,2567,T-Shirt,4,0.0,Visakhapatnam,Credit Card,Clothing,900,3600.0
12378,2025-06-07,2467,Laptop,2,0.0,Delhi,Cash on Delivery,Electronics,55000,110000.0
12379,2025-05-14,2628,Jeans,2,0.1,Delhi,UPI,Clothing,1800,3240.0
12380,2025-03-08,2143,Desk,5,0.05,Hyderabad,Credit Card,Furniture,12000,57000.0
12381,2025-12-02,2201,Mixer Grinder,2,0.05,Visakhapatnam,UPI,Home & Kitchen,3800,7220.0
12382,2025-01-07,2180,T-Shirt,2,0.05,Bengaluru,UPI,Clothing,900,1710.0
12383,2025-01-14,2714,Smartwatch,4,0.05,Vijayawada,Credit Card,Electronics,6500,24700.0
12384,2025-03-14,2364,Coffee Maker,3,0.1,Bengaluru,Debit Card,Home & Kitchen,4500,12150.0
12385,2025-06-12,2479,Headphones,1,0.0,Ahmedabad,UPI,Electronics,2500,2500.0
12386,2025-03-07,2565,Jeans,3,0.2,Visakhapatnam,UPI,Clothing,1800,4320.0
12387,2025-12-13,2471,T-Shirt,2,0.15,Kolkata,Debit Card,Clothing,900,1530.0
12388,2025-05-10,2384,Laptop,5,0.15,Hyderabad,Credit Card,Electronics,55000,233750.0
12389,2025-07-25,2692,Smartwatch,1,0.05,Chennai,Credit Card,Electronics,6500,6175.0
12390,2025-10-03,2417,Headphones,1,0.05,Ahmedabad,Cash on Delivery,Electronics,2500,2375.0
12391,2025-09-13,2308,Sneakers,5,0.2,Mumbai,Credit Card,Clothing,3200,12800.0
12392,2025-09-23,2649,Mixer Grinder,1,0.15,Kolkata,Debit Card,Home & Kitchen,3800,3230.0
12393,2025-01-25,2694,Headphones,5,0.1,Visakhapatnam,Debit Card,Electronics,2500,11250.0
12394,2025-10-08,2367,Office Chair,1,0.05,Visakhapatnam,Cash on Delivery,Furniture,8500,8075.0
12395,2025-09-10,2001,Laptop,3,0.1,Bengaluru,Debit Card,Electronics,55000,148500.0
12396,2025-11-06,2044,Jeans,1,0.1,Pune,UPI,Clothing,1800,1620.0
12397,2025-10-16,2739,Laptop,4,0.0,Bengaluru,UPI,Electronics,55000,220000.0
12398,2025-06-13,2098,Coffee Maker,5,0.1,Delhi,Net Banking,Home & Kitchen,4500,20250.0
12399,2025-04-05,2720,Backpack,1,0.15,Bengaluru,UPI,Accessories,1400,1190.0
12400,2025-09-27,2265,Sneakers,5,0.1,Pune,Credit Card,Clothing,3200,14400.0
12401,2025-11-17,2800,Office Chair,4,0.05,Mumbai,Cash on Delivery,Furniture,8500,32300.0
12402,2025-04-20,2783,Sneakers,1,0.1,Ahmedabad,Credit Card,Clothing,3200,2880.0
12403,2025-12-02,2140,Mixer Grinder,1,0.2,Vijayawada,UPI,Home & Kitchen,3800,3040.0
12404,2025-11-06,2481,Backpack,4,0.1,Visakhapatnam,UPI,Accessories,1400,5040.0
12405,2025-08-26,2237,Coffee Maker,4,0.1,Chennai,UPI,Home & Kitchen,4500,16200.0
12406,2025-01-25,2072,T-Shirt,4,0.1,Bengaluru,UPI,Clothing,900,3240.0
12407,2025-05-21,2667,Smartphone,5,0.1,Kolkata,Net Banking,Electronics,28000,126000.0
12408,2025-04-27,2190,Jeans,4,0.1,Mumbai,Debit Card,Clothing,1800,6480.0
12409,2025-01-25,2268,Smartphone,5,0.05,Hyderabad,Debit Card,Electronics,28000,133000.0
12410,2025-03-20,2321,Jeans,3,0.05,Visakhapatnam,Credit Card,Clothing,1800,5130.0
12411,2025-03-09,2107,T-Shirt,1,0.05,Pune,UPI,Clothing,900,855.0
12412,2025-06-22,2232,Sneakers,1,0.0,Delhi,UPI,Clothing,3200,3200.0
12413,2025-01-12,2042,Laptop,2,0.0,Pune,UPI,Electronics,55000,110000.0
12414,2025-10-15,2702,Headphones,3,0.0,Bengaluru,Credit Card,Electronics,2500,7500.0
12415,2025-05-08,2139,T-Shirt,4,0.15,Ahmedabad,Credit Card,Clothing,900,3060.0
12416,2025-04-06,2615,Mixer Grinder,4,0.0,Delhi,Credit Card,Home & Kitchen,3800,15200.0
12417,2025-04-02,2683,Smartwatch,3,0.0,Kolkata,Credit Card,Electronics,6500,19500.0
12418,2025-05-21,2273,T-Shirt,4,0.0,Pune,Net Banking,Clothing,900,3600.0
12419,2025-01-31,2481,Backpack,2,0.1,Kolkata,UPI,Accessories,1400,2520.0
12420,2025-11-30,2416,Jeans,5,0.0,Hyderabad,Debit Card,Clothing,1800,9000.0
12421,2025-01-20,2506,Headphones,1,0.05,Kolkata,UPI,Electronics,2500,2375.0
12422,2025-05-26,2733,T-Shirt,3,0.0,Visakhapatnam,Credit Card,Clothing,900,2700.0
12423,2025-11-12,2725,Headphones,1,0.15,Mumbai,UPI,Electronics,2500,2125.0
12424,2025-06-09,2424,Mixer Grinder,5,0.2,Delhi,Credit Card,Home & Kitchen,3800,15200.0
12425,2025-12-15,2407,Smartphone,3,0.2,Visakhapatnam,UPI,Electronics,28000,67200.0
12426,2025-02-12,2568,Smartwatch,5,0.05,Chennai,UPI,Electronics,6500,30875.0
12427,2025-09-11,2390,Laptop,4,0.1,Pune,Cash on Delivery,Electronics,55000,198000.0
12428,2025-05-10,2342,Headphones,4,0.1,Pune,UPI,Electronics,2500,9000.0
12429,2025-03-01,2614,Office Chair,4,0.05,Chennai,UPI,Furniture,8500,32300.0
12430,2025-05-31,2493,Headphones,5,0.05,Kolkata,Credit Card,Electronics,2500,11875.0
12431,2025-10-14,2192,Smartphone,5,0.0,Visakhapatnam,Credit Card,Electronics,28000,140000.0
12432,2025-01-05,2499,T-Shirt,5,0.1,Delhi,Debit Card,Clothing,900,4050.0
12433,2025-09-23,2712,Laptop,1,0.0,Delhi,Credit Card,Electronics,55000,55000.0
12434,2025-12-11,2233,Smartphone,5,0.05,Chennai,UPI,Electronics,28000,133000.0
12435,2025-05-10,2227,Office Chair,4,0.05,Pune,UPI,Furniture,8500,32300.0
12436,2025-09-24,2371,Backpack,2,0.1,Chennai,Cash on Delivery,Accessories,1400,2520.0
12437,2025-06-27,2139,Coffee Maker,5,0.15,Hyderabad,UPI,Home & Kitchen,4500,19125.0
12438,2025-09-10,2149,Desk,2,0.1,Hyderabad,Cash on Delivery,Furniture,12000,21600.0
12439,2025-02-25,2115,Sneakers,4,0.1,Hyderabad,Credit Card,Clothing,3200,11520.0
12440,2025-03-24,2450,Laptop,5,0.05,Vijayawada,Debit Card,Electronics,55000,261250.0
12441,2025-04-09,2063,Office Chair,1,0.0,Mumbai,Net Banking,Furniture,8500,8500.0
12442,2025-05-29,2104,Desk,1,0.05,Ahmedabad,Debit Card,Furniture,12000,11400.0
12443,2025-11-25,2668,Office Chair,2,0.2,Bengaluru,Credit Card,Furniture,8500,13600.0
12444,2025-06-05,2273,T-Shirt,1,0.2,Vijayawada,Credit Card,Clothing,900,720.0
12445,2025-07-09,2006,Headphones,1,0.1,Delhi,Credit Card,Electronics,2500,2250.0
12446,2025-09-20,2147,Desk,1,0.0,Kolkata,Credit Card,Furniture,12000,12000.0
12447,2025-03-21,2184,Backpack,4,0.0,Pune,UPI,Accessories,1400,5600.0
12448,2025-09-09,2028,Mixer Grinder,1,0.05,Kolkata,Debit Card,Home & Kitchen,3800,3610.0
12449,2025-04-07,2550,Smartphone,3,0.15,Chennai,UPI,Electronics,28000,71400.0
12450,2025-09-17,2119,Headphones,5,0.1,Pune,UPI,Electronics,2500,11250.0
12451,2025-09-17,2293,Headphones,1,0.15,Bengaluru,Debit Card,Electronics,2500,2125.0
12452,2025-04-13,2371,Office Chair,1,0.1,Bengaluru,UPI,Furniture,8500,7650.0
12453,2025-02-09,2244,Headphones,1,0.0,Visakhapatnam,Cash on Delivery,Electronics,2500,2500.0
12454,2025-09-30,2580,Laptop,3,0.0,Kolkata,Cash on Delivery,Electronics,55000,165000.0
12455,2025-04-11,2726,Mixer Grinder,1,0.0,Ahmedabad,Net Banking,Home & Kitchen,3800,3800.0
12456,2025-12-25,2218,Laptop,1,0.1,Bengaluru,Debit Card,Electronics,55000,49500.0
12457,2025-11-04,2177,Office Chair,5,0.0,Mumbai,Credit Card,Furniture,8500,42500.0
12458,2025-08-09,2299,Smartwatch,3,0.1,Visakhapatnam,UPI,Electronics,6500,17550.0
12459,2025-11-04,2676,Desk,3,0.1,Ahmedabad,Credit Card,Furniture,12000,32400.0
12460,2025-05-04,2058,Jeans,1,0.05,Pune,UPI,Clothing,1800,1710.0
12461,2025-08-19,2269,Coffee Maker,3,0.0,Kolkata,UPI,Home & Kitchen,4500,13500.0
12462,2025-06-27,2308,Coffee Maker,2,0.0,Kolkata,Debit Card,Home & Kitchen,4500,9000.0
12463,2025-03-04,2570,Laptop,3,0.1,Ahmedabad,UPI,Electronics,55000,148500.0
12464,2025-04-26,2288,Laptop,3,0.05,Ahmedabad,UPI,Electronics,55000,156750.0
12465,2025-07-10,2105,Headphones,3,0.05,Bengaluru,Debit Card,Electronics,2500,7125.0
12466,2025-03-03,2228,Sneakers,4,0.15,Pune,UPI,Clothing,3200,10880.0
12467,2025-09-13,2247,Desk,4,0.1,Visakhapatnam,UPI,Furniture,12000,43200.0
12468,2025-01-07,2700,T-Shirt,4,0.05,Mumbai,UPI,Clothing,900,3420.0
12469,2025-06-04,2494,Jeans,3,0.1,Delhi,Debit Card,Clothing,1800,4860.0
12470,2025-04-02,2083,Headphones,2,0.15,Delhi,Debit Card,Electronics,2500,4250.0
12471,2025-01-14,2186,Office Chair,3,0.1,Vijayawada,Debit Card,Furniture,8500,22950.0
12472,2025-08-17,2252,Mixer Grinder,1,0.05,Mumbai,UPI,Home & Kitchen,3800,3610.0
12473,2025-03-27,2355,Headphones,2,0.05,Pune,Debit Card,Electronics,2500,4750.0
12474,2025-05-13,2750,T-Shirt,4,0.1,Pune,Credit Card,Clothing,900,3240.0
12475,2025-07-02,2696,Smartphone,5,0.05,Visakhapatnam,UPI,Electronics,28000,133000.0
12476,2025-03-03,2796,Jeans,2,0.1,Kolkata,Credit Card,Clothing,1800,3240.0
12477,2025-08-07,2210,T-Shirt,4,0.15,Vijayawada,Credit Card,Clothing,900,3060.0
12478,2025-09-03,2609,Smartphone,2,0.15,Visakhapatnam,Credit Card,Electronics,28000,47600.0
12479,2025-08-18,2447,T-Shirt,2,0.0,Vijayawada,Debit Card,Clothing,900,1800.0
12480,2025-03-20,2460,Smartwatch,3,0.0,Kolkata,UPI,Electronics,6500,19500.0
12481,2025-05-29,2472,Jeans,1,0.0,Chennai,Credit Card,Clothing,1800,1800.0
12482,2025-05-18,2720,Jeans,5,0.1,Vijayawada,Credit Card,Clothing,1800,8100.0
12483,2025-11-10,2370,Laptop,4,0.05,Visakhapatnam,Credit Card,Electronics,55000,209000.0
12484,2025-03-06,2492,Backpack,2,0.0,Chennai,Credit Card,Accessories,1400,2800.0
12485,2025-01-13,2137,Backpack,5,0.0,Ahmedabad,Cash on Delivery,Accessories,1400,7000.0
12486,2025-08-01,2367,Smartwatch,2,0.05,Mumbai,Cash on Delivery,Electronics,6500,12350.0
12487,2025-08-30,2184,Laptop,1,0.0,Bengaluru,Debit Card,Electronics,55000,55000.0
12488,2025-08-01,2588,Backpack,5,0.0,Visakhapatnam,Debit Card,Accessories,1400,7000.0
12489,2025-06-30,2287,Mixer Grinder,4,0.1,Ahmedabad,UPI,Home & Kitchen,3800,13680.0
12490,2025-12-04,2472,Headphones,2,0.0,Delhi,Debit Card,Electronics,2500,5000.0
12491,2025-06-22,2375,Smartwatch,1,0.0,Delhi,Credit Card,Electronics,6500,6500.0
12492,2025-06-09,2654,Headphones,5,0.15,Pune,UPI,Electronics,2500,10625.0
12493,2025-06-13,2749,Jeans,2,0.15,Visakhapatnam,UPI,Clothing,1800,3060.0
12494,2025-07-07,2537,Smartphone,2,0.05,Hyderabad,UPI,Electronics,28000,53200.0
12495,2025-07-10,2511,Smartwatch,4,0.0,Bengaluru,UPI,Electronics,6500,26000.0
12496,2025-11-04,2579,Sneakers,1,0.1,Hyderabad,UPI,Clothing,3200,2880.0
12497,2025-09-13,2250,Jeans,3,0.05,Mumbai,UPI,Clothing,1800,5130.0
12498,2025-07-02,2510,Smartwatch,2,0.0,Pune,Debit Card,Electronics,6500,13000.0
12499,2025-04-27,2630,T-Shirt,5,0.0,Bengaluru,UPI,Clothing,900,4500.0
12500,2025-10-09,2073,Jeans,4,0.0,Chennai,UPI,Clothing,1800,7200.0
12501,2025-07-15,2282,Laptop,4,0.1,Vijayawada,Cash on Delivery,Electronics,55000,198000.0
12502,2025-02-03,2360,Laptop,2,0.15,Bengaluru,UPI,Electronics,55000,93500.0
12503,2025-02-21,2010,Desk,2,0.1,Kolkata,Cash on Delivery,Furniture,12000,21600.0
12504,2025-04-22,2211,Laptop,2,0.05,Chennai,Debit Card,Electronics,55000,104500.0
12505,2025-09-09,2152,Backpack,3,0.05,Vijayawada,UPI,Accessories,1400,3990.0
12506,2025-03-23,2005,Coffee Maker,2,0.1,Mumbai,UPI,Home & Kitchen,4500,8100.0
12507,2025-08-20,2195,Headphones,1,0.05,Delhi,UPI,Electronics,2500,2375.0
12508,2025-08-15,2283,Smartwatch,5,0.0,Vijayawada,UPI,Electronics,6500,32500.0
12509,2025-08-21,2464,Jeans,2,0.1,Kolkata,UPI,Clothing,1800,3240.0
12510,2025-08-09,2113,Desk,3,0.15,Pune,UPI,Furniture,12000,30600.0
12511,2025-02-11,2271,Mixer Grinder,5,0.05,Vijayawada,UPI,Home & Kitchen,3800,18050.0
12512,2025-01-21,2163,Backpack,4,0.15,Bengaluru,Credit Card,Accessories,1400,4760.0
12513,2025-02-11,2460,Smartphone,2,0.05,Bengaluru,UPI,Electronics,28000,53200.0
12514,2025-04-23,2105,Sneakers,5,0.05,Pune,Debit Card,Clothing,3200,15200.0
12515,2025-04-15,2693,T-Shirt,4,0.0,Bengaluru,UPI,Clothing,900,3600.0
12516,2025-07-11,2556,T-Shirt,3,0.1,Mumbai,Cash on Delivery,Clothing,900,2430.0
12517,2025-01-17,2282,Laptop,1,0.15,Kolkata,UPI,Electronics,55000,46750.0
12518,2025-04-30,2687,Headphones,2,0.1,Visakhapatnam,Debit Card,Electronics,2500,4500.0
12519,2025-05-09,2162,Office Chair,1,0.0,Visakhapatnam,UPI,Furniture,8500,8500.0
12520,2025-05-10,2351,T-Shirt,3,0.0,Delhi,Credit Card,Clothing,900,2700.0
12521,2025-03-01,2434,Headphones,5,0.1,Ahmedabad,UPI,Electronics,2500,11250.0
12522,2025-02-17,2140,Smartwatch,5,0.05,Mumbai,Credit Card,Electronics,6500,30875.0
12523,2025-01-29,2471,Desk,3,0.05,Ahmedabad,UPI,Furniture,12000,34200.0
12524,2025-04-07,2132,Backpack,3,0.2,Visakhapatnam,Credit Card,Accessories,1400,3360.0
12525,2025-01-10,2087,Headphones,2,0.1,Vijayawada,UPI,Electronics,2500,4500.0
12526,2025-08-30,2688,Smartphone,4,0.05,Vijayawada,Credit Card,Electronics,28000,106400.0
12527,2025-11-10,2183,Headphones,1,0.0,Vijayawada,UPI,Electronics,2500,2500.0
12528,2025-08-20,2368,Coffee Maker,1,0.0,Bengaluru,UPI,Home & Kitchen,4500,4500.0
12529,2025-10-04,2129,Jeans,5,0.1,Bengaluru,Credit Card,Clothing,1800,8100.0
12530,2025-10-11,2246,Jeans,5,0.15,Hyderabad,Net Banking,Clothing,1800,7650.0
12531,2025-07-22,2601,Jeans,2,0.1,Vijayawada,Credit Card,Clothing,1800,3240.0
12532,2025-09-04,2578,Smartwatch,3,0.05,Vijayawada,Debit Card,Electronics,6500,18525.0
12533,2025-10-17,2670,Office Chair,1,0.0,Chennai,Credit Card,Furniture,8500,8500.0
12534,2025-09-21,2378,Jeans,2,0.2,Pune,Credit Card,Clothing,1800,2880.0
12535,2025-08-02,2149,Smartphone,5,0.2,Visakhapatnam,UPI,Electronics,28000,112000.0
12536,2025-07-19,2433,Smartphone,5,0.05,Bengaluru,UPI,Electronics,28000,133000.0
12537,2025-03-20,2628,Jeans,1,0.0,Kolkata,Cash on Delivery,Clothing,1800,1800.0
12538,2025-12-09,2726,Coffee Maker,5,0.05,Bengaluru,Credit Card,Home & Kitchen,4500,21375.0
12539,2025-12-10,2469,Headphones,5,0.15,Kolkata,Debit Card,Electronics,2500,10625.0
12540,2025-06-22,2446,Desk,4,0.1,Hyderabad,Credit Card,Furniture,12000,43200.0
12541,2025-03-10,2481,Backpack,3,0.1,Kolkata,UPI,Accessories,1400,3780.0
12542,2025-03-28,2294,Headphones,5,0.0,Bengaluru,Credit Card,Electronics,2500,12500.0
12543,2025-04-11,2765,Laptop,4,0.0,Delhi,Credit Card,Electronics,55000,220000.0
12544,2025-01-08,2143,Smartphone,2,0.0,Bengaluru,UPI,Electronics,28000,56000.0
12545,2025-11-29,2250,Backpack,5,0.15,Mumbai,Credit Card,Accessories,1400,5950.0
12546,2025-07-19,2302,Headphones,2,0.05,Delhi,Credit Card,Electronics,2500,4750.0
12547,2025-03-28,2025,Smartwatch,5,0.1,Vijayawada,Net Banking,Electronics,6500,29250.0
12548,2025-02-12,2789,T-Shirt,1,0.0,Visakhapatnam,UPI,Clothing,900,900.0
12549,2025-04-19,2070,Backpack,4,0.15,Kolkata,Debit Card,Accessories,1400,4760.0
12550,2025-06-01,2625,Smartphone,4,0.15,Bengaluru,UPI,Electronics,28000,95200.0
12551,2025-01-17,2112,T-Shirt,1,0.0,Bengaluru,UPI,Clothing,900,900.0
12552,2025-05-13,2364,T-Shirt,3,0.15,Kolkata,,Clothing,900,2295.0
12553,2025-05-28,2303,Jeans,4,0.0,Ahmedabad,Debit Card,Clothing,1800,7200.0
12554,2025-10-04,2471,Office Chair,2,0.0,Visakhapatnam,UPI,Furniture,8500,17000.0
12555,2025-08-20,2091,Smartphone,4,0.0,Chennai,Credit Card,Electronics,28000,112000.0
12556,2025-11-10,2530,Office Chair,3,0.15,Pune,UPI,Furniture,8500,21675.0
12557,2025-08-16,2661,Sneakers,2,0.15,Vijayawada,Debit Card,Clothing,3200,5440.0
12558,2025-05-19,2739,Jeans,2,0.05,Delhi,UPI,Clothing,1800,3420.0
12559,2025-07-30,2726,Sneakers,1,0.1,Bengaluru,Debit Card,Clothing,3200,2880.0
12560,2025-01-28,2663,T-Shirt,5,0.1,Hyderabad,Credit Card,Clothing,900,4050.0
12561,2025-02-20,2192,Smartphone,1,0.15,Visakhapatnam,UPI,Electronics,28000,23800.0
12562,2025-09-18,2552,Sneakers,5,0.0,Kolkata,Cash on Delivery,Clothing,3200,16000.0
12563,2025-09-18,2242,Jeans,1,0.05,Bengaluru,Net Banking,Clothing,1800,1710.0
12564,2025-12-16,2138,Sneakers,5,0.1,Delhi,UPI,Clothing,3200,14400.0
12565,2025-12-18,2345,Smartwatch,4,0.0,Hyderabad,Cash on Delivery,Electronics,6500,26000.0
12566,2025-01-08,2180,Coffee Maker,2,0.05,Pune,Debit Card,Home & Kitchen,4500,8550.0
12567,2025-11-16,2712,Jeans,5,0.1,Pune,Debit Card,Clothing,1800,8100.0
12568,2025-05-18,2503,Smartphone,4,0.0,Delhi,Net Banking,Electronics,28000,112000.0
12569,2025-02-07,2203,T-Shirt,3,0.2,Visakhapatnam,Credit Card,Clothing,900,2160.0
12570,2025-04-21,2573,Backpack,1,0.0,Hyderabad,Debit Card,Accessories,1400,1400.0
12571,2025-08-08,2192,Office Chair,3,0.2,Kolkata,Cash on Delivery,Furniture,8500,20400.0
12572,2025-12-03,2005,T-Shirt,4,0.0,Hyderabad,Credit Card,Clothing,900,3600.0
12573,2025-08-11,2237,Coffee Maker,3,0.0,Mumbai,Credit Card,Home & Kitchen,4500,13500.0
12574,2025-05-16,2693,Headphones,3,0.0,Kolkata,UPI,Electronics,2500,7500.0
12575,2025-09-13,2311,T-Shirt,4,0.1,Vijayawada,Cash on Delivery,Clothing,900,3240.0
12576,2025-12-26,2549,Coffee Maker,2,0.1,Chennai,Debit Card,Home & Kitchen,4500,8100.0
12577,2025-11-25,2056,Coffee Maker,5,0.0,Vijayawada,Credit Card,Home & Kitchen,4500,22500.0
12578,2025-02-18,2443,Sneakers,1,0.0,Chennai,Credit Card,Clothing,3200,3200.0
12579,2025-10-19,2237,Desk,5,0.1,Vijayawada,UPI,Furniture,12000,54000.0
12580,2025-11-20,2197,Smartphone,1,0.05,Hyderabad,UPI,Electronics,28000,26600.0
12581,2025-03-19,2585,Desk,5,0.1,Visakhapatnam,Credit Card,Furniture,12000,54000.0
12582,2025-04-15,2571,Smartwatch,3,0.0,Delhi,Credit Card,Electronics,6500,19500.0
12583,2025-06-18,2752,Smartphone,2,0.1,Bengaluru,Cash on Delivery,Electronics,28000,50400.0
12584,2025-08-05,2514,Headphones,3,0.1,Chennai,Credit Card,Electronics,2500,6750.0
12585,2025-04-29,2449,T-Shirt,2,0.2,Bengaluru,Net Banking,Clothing,900,1440.0
12586,2025-07-09,2360,Headphones,4,0.1,Mumbai,UPI,Electronics,2500,9000.0
12587,2025-09-12,2700,Smartwatch,1,0.0,Mumbai,Net Banking,Electronics,6500,6500.0
12588,2025-09-23,2030,Smartphone,1,0.0,Bengaluru,UPI,Electronics,28000,28000.0
12589,2025-05-29,2779,Headphones,4,0.1,Mumbai,Debit Card,Electronics,2500,9000.0
12590,2025-06-13,2108,Jeans,5,0.05,Kolkata,Credit Card,Clothing,1800,8550.0
12591,2025-05-20,2602,T-Shirt,4,0.15,Bengaluru,UPI,Clothing,900,3060.0
12592,2025-12-13,2717,Smartwatch,4,0.1,Mumbai,UPI,Electronics,6500,23400.0
12593,2025-09-15,2445,Backpack,2,0.05,Chennai,UPI,Accessories,1400,2660.0
12594,2025-09-26,2438,Coffee Maker,4,0.05,Visakhapatnam,Debit Card,Home & Kitchen,4500,17100.0
12595,2025-06-30,2732,Backpack,1,0.05,Mumbai,UPI,Accessories,1400,1330.0
12596,2025-06-09,2606,Smartwatch,3,0.0,Bengaluru,Net Banking,Electronics,6500,19500.0
12597,2025-12-17,2457,Backpack,2,0.0,Chennai,UPI,Accessories,1400,2800.0
12598,2025-10-15,2615,Smartphone,2,0.1,Bengaluru,Net Banking,Electronics,28000,50400.0
12599,2025-10-15,2735,Smartphone,5,0.0,Pune,UPI,Electronics,28000,140000.0
12600,2025-08-14,2698,Smartwatch,3,0.0,Hyderabad,UPI,Electronics,6500,19500.0
12601,2025-01-11,2696,Office Chair,2,0.0,Hyderabad,UPI,Furniture,8500,17000.0
12602,2025-01-10,2495,Headphones,4,0.0,Hyderabad,Cash on Delivery,Electronics,2500,10000.0
12603,2025-09-28,2674,Laptop,2,0.0,Vijayawada,Credit Card,Electronics,55000,110000.0
12604,2025-09-30,2247,Smartphone,2,0.1,Kolkata,UPI,Electronics,28000,50400.0
12605,2025-07-02,2543,Desk,2,0.05,Bengaluru,UPI,Furniture,12000,22800.0
12606,2025-06-02,2564,Sneakers,5,0.1,Kolkata,UPI,Clothing,3200,14400.0
12607,2025-11-11,2588,Headphones,2,0.1,Bengaluru,Credit Card,Electronics,2500,4500.0
12608,2025-11-30,2439,Jeans,2,0.2,Pune,UPI,Clothing,1800,2880.0
12609,2025-05-04,2278,Jeans,5,0.0,Mumbai,Debit Card,Clothing,1800,9000.0
12610,2025-04-24,2552,Sneakers,3,0.05,Vijayawada,Debit Card,Clothing,3200,9120.0
12611,2025-10-05,2613,Headphones,1,0.0,Visakhapatnam,Cash on Delivery,Electronics,2500,2500.0
12612,2025-08-01,2111,Desk,5,0.05,Bengaluru,Credit Card,Furniture,12000,57000.0
12613,2025-06-21,2385,Headphones,5,0.15,Chennai,UPI,Electronics,2500,10625.0
12614,2025-10-15,2761,Sneakers,2,0.1,Mumbai,Net Banking,Clothing,3200,5760.0
12615,2025-06-23,2191,Laptop,2,0.1,Delhi,UPI,Electronics,55000,99000.0
12616,2025-04-23,2490,Smartwatch,1,0.05,Delhi,Credit Card,Electronics,6500,6175.0
12617,2025-05-02,2694,Smartwatch,2,0.1,Visakhapatnam,Cash on Delivery,Electronics,6500,11700.0
12618,2025-02-01,2426,Jeans,4,0.0,Chennai,UPI,Clothing,1800,7200.0
12619,2025-08-10,2405,Laptop,2,0.1,Hyderabad,Credit Card,Electronics,55000,99000.0
12620,2025-04-29,2335,Office Chair,2,0.1,Vijayawada,UPI,Furniture,8500,15300.0
12621,2025-02-08,2209,Headphones,4,0.05,Kolkata,UPI,Electronics,2500,9500.0
12622,2025-09-25,2022,Sneakers,1,0.0,Ahmedabad,UPI,Clothing,3200,3200.0
12623,2025-08-21,2678,Office Chair,4,0.15,Ahmedabad,UPI,Furniture,8500,28900.0
12624,2025-01-18,2611,Jeans,5,0.0,Vijayawada,Credit Card,Clothing,1800,9000.0
12625,2025-05-29,2208,Backpack,4,0.0,Mumbai,Cash on Delivery,Accessories,1400,5600.0
12626,2025-05-29,2008,Sneakers,3,0.05,Pune,Credit Card,Clothing,3200,9120.0
12627,2025-05-06,2702,Smartwatch,5,0.0,Mumbai,Debit Card,Electronics,6500,32500.0
12628,2025-10-29,2687,Office Chair,2,0.1,Delhi,Credit Card,Furniture,8500,15300.0
12629,2025-12-26,2785,Headphones,5,0.1,Kolkata,Cash on Delivery,Electronics,2500,11250.0
12630,2025-08-26,2529,Jeans,1,0.1,Delhi,Cash on Delivery,Clothing,1800,1620.0
12631,2025-05-15,2602,Backpack,1,0.05,Bengaluru,Cash on Delivery,Accessories,1400,1330.0
12632,2025-05-31,2653,Smartwatch,4,0.1,Delhi,Cash on Delivery,Electronics,6500,23400.0
12633,2025-08-24,2657,Headphones,5,0.15,Ahmedabad,UPI,Electronics,2500,10625.0
12634,2025-08-12,2166,T-Shirt,2,0.05,Ahmedabad,Credit Card,Clothing,900,1710.0
12635,2025-07-22,2496,Office Chair,1,0.05,Kolkata,Credit Card,Furniture,8500,8075.0
12636,2025-09-13,2590,Coffee Maker,2,0.15,Delhi,Credit Card,Home & Kitchen,4500,7650.0
12637,2025-03-27,2429,Jeans,3,0.0,Vijayawada,Credit Card,Clothing,1800,5400.0
12638,2025-05-30,2774,Sneakers,1,0.05,Vijayawada,UPI,Clothing,3200,3040.0
12639,2025-08-23,2163,Coffee Maker,4,0.0,Visakhapatnam,UPI,Home & Kitchen,4500,18000.0
12640,2025-12-11,2366,Smartphone,3,0.0,Pune,Net Banking,Electronics,28000,84000.0
12641,2025-01-22,2526,Headphones,5,0.0,Kolkata,Debit Card,Electronics,2500,12500.0
12642,2025-12-14,2239,Backpack,2,0.05,Delhi,UPI,Accessories,1400,2660.0
12643,2025-10-12,2072,Office Chair,1,0.1,Kolkata,UPI,Furniture,8500,7650.0
12644,2025-09-26,2445,Desk,3,0.0,Mumbai,Debit Card,Furniture,12000,36000.0
12645,2025-09-15,2655,T-Shirt,3,0.15,Hyderabad,Credit Card,Clothing,900,2295.0
12646,2025-01-29,2509,Smartphone,1,0.05,Chennai,Credit Card,Electronics,28000,26600.0
12647,2025-08-01,2795,T-Shirt,5,0.2,Mumbai,UPI,Clothing,900,3600.0
12648,2025-10-10,2269,Headphones,5,0.2,Mumbai,UPI,Electronics,2500,10000.0
12649,2025-02-19,2753,Headphones,4,0.1,Delhi,Credit Card,Electronics,2500,9000.0
12650,2025-04-05,2415,Backpack,5,0.15,Hyderabad,Debit Card,Accessories,1400,5950.0
12651,2025-03-29,2245,Laptop,4,0.1,Vijayawada,UPI,Electronics,55000,198000.0
12652,2025-02-13,2675,Office Chair,3,0.15,Vijayawada,UPI,Furniture,8500,21675.0
12653,2025-10-05,2060,T-Shirt,1,0.0,Mumbai,Debit Card,Clothing,900,900.0
12654,2025-06-20,2006,Jeans,5,0.05,Pune,Cash on Delivery,Clothing,1800,8550.0
12655,2025-07-08,2709,Smartphone,4,0.1,Vijayawada,UPI,Electronics,28000,100800.0
12656,2025-12-19,2570,Smartwatch,3,0.05,Bengaluru,Debit Card,Electronics,6500,18525.0
12657,2025-07-03,2407,Smartphone,5,0.15,Mumbai,Net Banking,Electronics,28000,119000.0
12658,2025-01-03,2217,Mixer Grinder,2,0.15,Chennai,Net Banking,Home & Kitchen,3800,6460.0
12659,2025-07-10,2026,Office Chair,3,0.0,Hyderabad,Cash on Delivery,Furniture,8500,25500.0
12660,2025-04-28,2005,T-Shirt,5,0.15,Visakhapatnam,Debit Card,Clothing,900,3825.0
12661,2025-01-19,2532,Headphones,3,0.0,Ahmedabad,UPI,Electronics,2500,7500.0
12662,2025-01-23,2390,Coffee Maker,1,0.05,Kolkata,Debit Card,Home & Kitchen,4500,4275.0
12663,2025-01-30,2710,Smartwatch,1,0.05,Mumbai,Debit Card,Electronics,6500,6175.0
12664,2025-10-22,2571,Smartphone,1,0.0,Vijayawada,Credit Card,Electronics,28000,28000.0
12665,2025-04-18,2448,Jeans,2,0.1,Kolkata,Credit Card,Clothing,1800,3240.0
12666,2025-10-08,2754,Mixer Grinder,1,0.1,Chennai,Debit Card,Home & Kitchen,3800,3420.0
12667,2025-05-08,2146,Laptop,2,0.0,Delhi,Net Banking,Electronics,55000,110000.0
12668,2025-08-17,2388,Headphones,1,0.1,Ahmedabad,UPI,Electronics,2500,2250.0
12669,2025-04-21,2785,Coffee Maker,3,0.1,Pune,UPI,Home & Kitchen,4500,12150.0
12670,2025-05-16,2249,Smartphone,5,0.05,Visakhapatnam,Debit Card,Electronics,28000,133000.0
12671,2025-12-28,2526,Smartphone,5,0.0,Delhi,UPI,Electronics,28000,140000.0
12672,2025-07-05,2462,Jeans,1,0.15,Chennai,Credit Card,Clothing,1800,1530.0
12673,2025-05-24,2013,Desk,5,0.15,Vijayawada,UPI,Furniture,12000,51000.0
12674,2025-03-13,2384,T-Shirt,1,0.0,Bengaluru,Credit Card,Clothing,900,900.0
12675,2025-05-09,2556,Mixer Grinder,1,0.0,Hyderabad,Debit Card,Home & Kitchen,3800,3800.0
12676,2025-12-30,2399,Sneakers,4,0.15,Delhi,UPI,Clothing,3200,10880.0
12677,2025-09-18,2019,Laptop,4,0.1,Delhi,UPI,Electronics,55000,198000.0
12678,2025-01-03,2575,Mixer Grinder,4,0.0,Visakhapatnam,UPI,Home & Kitchen,3800,15200.0
12679,2025-04-14,2491,T-Shirt,2,0.1,Hyderabad,UPI,Clothing,900,1620.0
12680,2025-08-12,2751,Headphones,4,0.05,Chennai,Debit Card,Electronics,2500,9500.0
12681,2025-11-16,2419,Jeans,1,0.1,Kolkata,Credit Card,Clothing,1800,1620.0
12682,2025-12-28,2337,Headphones,3,0.0,Kolkata,Credit Card,Electronics,2500,7500.0
12683,2025-12-20,2419,Smartphone,4,0.05,Hyderabad,Credit Card,Electronics,28000,106400.0
12684,2025-01-10,2612,Laptop,4,0.0,Pune,UPI,Electronics,55000,220000.0
12685,2025-10-29,2675,T-Shirt,3,0.2,Mumbai,Cash on Delivery,Clothing,900,2160.0
12686,2025-08-19,2122,Office Chair,1,0.1,Pune,UPI,Furniture,8500,7650.0
12687,2025-08-07,2432,Jeans,2,0.1,Pune,Cash on Delivery,Clothing,1800,3240.0
12688,2025-03-07,2044,Mixer Grinder,4,0.1,Delhi,Credit Card,Home & Kitchen,3800,13680.0
12689,2025-04-22,2317,Headphones,3,0.05,Delhi,Credit Card,Electronics,2500,7125.0
12690,2025-01-13,2381,Headphones,1,0.15,Ahmedabad,Debit Card,Electronics,2500,2125.0
12691,2025-03-27,2145,Smartphone,5,0.0,Vijayawada,Cash on Delivery,Electronics,28000,140000.0
12692,2025-08-22,2327,Smartphone,2,0.15,Chennai,Net Banking,Electronics,28000,47600.0
12693,2025-03-31,2363,Headphones,3,0.0,Chennai,Credit Card,Electronics,2500,7500.0
12694,2025-11-10,2050,Office Chair,3,0.05,Ahmedabad,UPI,Furniture,8500,24225.0
12695,2025-02-23,2065,Coffee Maker,3,0.05,Delhi,Cash on Delivery,Home & Kitchen,4500,12825.0
12696,2025-01-12,2355,Mixer Grinder,4,0.1,Visakhapatnam,UPI,Home & Kitchen,3800,13680.0
12697,2025-07-28,2800,Headphones,5,0.15,Visakhapatnam,Cash on Delivery,Electronics,2500,10625.0
12698,2025-01-14,2164,Desk,2,0.1,Vijayawada,Debit Card,Furniture,12000,21600.0
12699,2025-05-01,2141,Smartwatch,1,0.05,Hyderabad,Net Banking,Electronics,6500,6175.0
12700,2025-01-20,2128,Smartphone,1,0.15,Delhi,Cash on Delivery,Electronics,28000,23800.0
12701,2025-03-16,2398,Desk,5,0.0,Kolkata,UPI,Furniture,12000,60000.0
12702,2025-08-31,2463,Sneakers,3,0.15,Kolkata,Debit Card,Clothing,3200,8160.0
12703,2025-08-11,2751,Smartphone,3,0.1,Delhi,UPI,Electronics,28000,75600.0
12704,2025-03-11,2187,T-Shirt,3,0.05,Bengaluru,UPI,Clothing,900,2565.0
12705,2025-11-08,2720,Headphones,3,0.0,Hyderabad,Credit Card,Electronics,2500,7500.0
12706,2025-07-30,2732,Backpack,3,0.05,Kolkata,UPI,Accessories,1400,3990.0
12707,2025-04-11,2190,T-Shirt,5,0.0,Mumbai,Debit Card,Clothing,900,4500.0
12708,2025-07-05,2388,Mixer Grinder,4,0.0,Pune,Net Banking,Home & Kitchen,3800,15200.0
12709,2025-05-12,2429,Laptop,2,0.0,Delhi,Credit Card,Electronics,55000,110000.0
12710,2025-04-21,2284,Smartwatch,3,0.05,Bengaluru,UPI,Electronics,6500,18525.0
12711,2025-05-12,2237,T-Shirt,4,0.1,Mumbai,Cash on Delivery,Clothing,900,3240.0
12712,2025-01-20,2194,T-Shirt,1,0.15,Pune,Cash on Delivery,Clothing,900,765.0
12713,2025-01-24,2287,Smartwatch,5,0.0,Pune,Debit Card,Electronics,6500,32500.0
12714,2025-08-15,2771,Backpack,4,0.05,Vijayawada,Debit Card,Accessories,1400,5320.0
12715,2025-06-03,2758,Desk,3,0.05,Hyderabad,Cash on Delivery,Furniture,12000,34200.0
12716,2025-10-20,2136,Coffee Maker,3,0.05,Delhi,UPI,Home & Kitchen,4500,12825.0
12717,2025-08-18,2792,Office Chair,3,0.15,Bengaluru,Net Banking,Furniture,8500,21675.0
12718,2025-11-06,2783,Desk,4,0.1,Ahmedabad,Net Banking,Furniture,12000,43200.0
12719,2025-12-25,2171,Jeans,3,0.15,Vijayawada,Cash on Delivery,Clothing,1800,4590.0
12720,2025-07-21,2159,Office Chair,4,0.05,Visakhapatnam,UPI,Furniture,8500,32300.0
12721,2025-02-07,2201,Headphones,3,0.1,Mumbai,Cash on Delivery,Electronics,2500,6750.0
12722,2025-09-17,2487,Smartwatch,1,0.05,Ahmedabad,Credit Card,Electronics,6500,6175.0
12723,2025-07-07,2557,Smartwatch,1,0.15,Mumbai,Credit Card,Electronics,6500,5525.0
12724,2025-02-26,2776,T-Shirt,2,0.15,Delhi,Cash on Delivery,Clothing,900,1530.0
12725,2025-01-20,2583,Headphones,3,0.1,Bengaluru,UPI,Electronics,2500,6750.0
12726,2025-09-30,2504,Mixer Grinder,3,0.15,Bengaluru,UPI,Home & Kitchen,3800,9690.0
12727,2025-04-29,2371,Smartwatch,4,0.0,Pune,Cash on Delivery,Electronics,6500,26000.0
12728,2025-03-12,2103,Smartphone,4,0.15,Ahmedabad,Cash on Delivery,Electronics,28000,95200.0
12729,2025-01-04,2125,Jeans,3,0.0,Bengaluru,Cash on Delivery,Clothing,1800,5400.0
12730,2025-08-09,2313,Laptop,2,0.0,Kolkata,UPI,Electronics,55000,110000.0
12731,2025-01-14,2798,Smartphone,3,0.0,Mumbai,Debit Card,Electronics,28000,84000.0
12732,2025-01-03,2458,Headphones,4,0.2,Pune,UPI,Electronics,2500,8000.0
12733,2025-08-04,2230,T-Shirt,3,0.15,Delhi,Cash on Delivery,Clothing,900,2295.0
12734,2025-08-17,2658,T-Shirt,4,0.15,Bengaluru,UPI,Clothing,900,3060.0
12735,2025-12-02,2197,Office Chair,3,0.15,Chennai,Debit Card,Furniture,8500,21675.0
12736,2025-07-05,2733,Backpack,5,0.05,Delhi,Credit Card,Accessories,1400,6650.0
12737,2025-02-24,2423,T-Shirt,4,0.15,Ahmedabad,Net Banking,Clothing,900,3060.0
12738,2025-09-11,2572,Smartwatch,2,0.2,Kolkata,Credit Card,Electronics,6500,10400.0
12739,2025-01-24,2610,Smartwatch,5,0.05,Hyderabad,Debit Card,Electronics,6500,30875.0
12740,2025-06-11,2171,Backpack,3,0.0,Visakhapatnam,UPI,Accessories,1400,4200.0
12741,2025-06-07,2382,Laptop,4,0.1,Chennai,Debit Card,Electronics,55000,198000.0
12742,2025-03-23,2173,Laptop,5,0.2,Pune,Credit Card,Electronics,55000,220000.0
12743,2025-06-08,2663,Office Chair,2,0.15,Mumbai,UPI,Furniture,8500,14450.0
12744,2025-07-07,2453,T-Shirt,4,0.15,Ahmedabad,Debit Card,Clothing,900,3060.0
12745,2025-03-01,2350,Smartphone,5,0.15,Ahmedabad,Cash on Delivery,Electronics,28000,119000.0
12746,2025-11-01,2634,Headphones,5,0.15,Hyderabad,UPI,Electronics,2500,10625.0
12747,2025-11-15,2494,Coffee Maker,5,0.1,Chennai,UPI,Home & Kitchen,4500,20250.0
12748,2025-07-30,2620,Desk,1,0.1,Mumbai,Debit Card,Furniture,12000,10800.0
12749,2025-06-01,2004,Backpack,3,0.0,Visakhapatnam,Cash on Delivery,Accessories,1400,4200.0
12750,2025-04-19,2093,T-Shirt,4,0.1,Vijayawada,UPI,Clothing,900,3240.0
12751,2025-03-17,2006,Jeans,4,0.05,Vijayawada,Net Banking,Clothing,1800,6840.0
12752,2025-01-30,2288,Mixer Grinder,4,0.15,Ahmedabad,Net Banking,Home & Kitchen,3800,12920.0
12753,2025-11-10,2618,Mixer Grinder,5,0.05,Chennai,UPI,Home & Kitchen,3800,18050.0
12754,2025-04-27,2146,Headphones,3,0.0,Hyderabad,UPI,Electronics,2500,7500.0
12755,2025-12-22,2783,Office Chair,2,0.0,Ahmedabad,Debit Card,Furniture,8500,17000.0
12756,2025-07-11,2424,Headphones,4,0.1,Vijayawada,Net Banking,Electronics,2500,9000.0
12757,2025-01-19,2608,Headphones,3,0.05,Ahmedabad,Debit Card,Electronics,2500,7125.0
12758,2025-06-22,2457,Sneakers,3,0.05,Vijayawada,Credit Card,Clothing,3200,9120.0
12759,2025-08-16,2741,T-Shirt,1,0.0,Chennai,UPI,Clothing,900,900.0
12760,2025-12-16,2202,Coffee Maker,4,0.05,Chennai,Credit Card,Home & Kitchen,4500,17100.0
12761,2025-07-02,2212,Smartphone,5,0.0,Hyderabad,Debit Card,Electronics,28000,140000.0
12762,2025-04-23,2006,T-Shirt,3,0.05,Pune,UPI,Clothing,900,2565.0
12763,2025-07-02,2624,Coffee Maker,3,0.05,Pune,Credit Card,Home & Kitchen,4500,12825.0
12764,2025-05-26,2376,Coffee Maker,2,0.05,Ahmedabad,UPI,Home & Kitchen,4500,8550.0
12765,2025-11-15,2447,Smartphone,1,0.05,Ahmedabad,Credit Card,Electronics,28000,26600.0
12766,2025-04-26,2106,Smartwatch,3,0.0,Ahmedabad,UPI,Electronics,6500,19500.0
12767,2025-04-23,2651,Jeans,3,0.15,Hyderabad,UPI,Clothing,1800,4590.0
12768,2025-09-08,2401,Smartphone,5,0.05,Delhi,Cash on Delivery,Electronics,28000,133000.0
12769,2025-09-08,2096,Mixer Grinder,5,0.0,Ahmedabad,UPI,Home & Kitchen,3800,19000.0
12770,2025-10-30,2388,Coffee Maker,2,0.0,Pune,Credit Card,Home & Kitchen,4500,9000.0
12771,2025-11-09,2452,Smartphone,2,0.05,Pune,UPI,Electronics,28000,53200.0
12772,2025-04-28,2416,Smartphone,2,0.0,Mumbai,UPI,Electronics,28000,56000.0
12773,2025-10-28,2726,Smartphone,5,0.0,Chennai,UPI,Electronics,28000,140000.0
12774,2025-06-10,2504,Coffee Maker,5,0.1,Delhi,UPI,Home & Kitchen,4500,20250.0
12775,2025-07-17,2454,Headphones,1,0.1,Vijayawada,UPI,Electronics,2500,2250.0
12776,2025-09-17,2291,T-Shirt,4,0.05,Pune,Cash on Delivery,Clothing,900,3420.0
12777,2025-05-28,2534,T-Shirt,4,0.1,Visakhapatnam,UPI,Clothing,900,3240.0
12778,2025-08-28,2193,Jeans,1,0.0,Visakhapatnam,UPI,Clothing,1800,1800.0
12779,2025-02-16,2150,Laptop,4,0.15,Pune,Cash on Delivery,Electronics,55000,187000.0
12780,2025-07-17,2759,Headphones,5,0.0,Visakhapatnam,UPI,Electronics,2500,12500.0
12781,2025-02-16,2779,Coffee Maker,4,0.1,Bengaluru,Debit Card,Home & Kitchen,4500,16200.0
12782,2025-03-19,2763,Coffee Maker,5,0.0,Delhi,UPI,Home & Kitchen,4500,22500.0
12783,2025-05-04,2515,Office Chair,1,0.15,Chennai,UPI,Furniture,8500,7225.0
12784,2025-03-16,2393,Laptop,2,0.05,Pune,Credit Card,Electronics,55000,104500.0
12785,2025-12-25,2316,Smartwatch,1,0.0,Pune,Net Banking,Electronics,6500,6500.0
12786,2025-05-17,2076,Sneakers,4,0.1,Vijayawada,UPI,Clothing,3200,11520.0
12787,2025-03-31,2599,Headphones,5,0.0,Delhi,Credit Card,Electronics,2500,12500.0
12788,2025-11-21,2270,Coffee Maker,4,0.1,Ahmedabad,UPI,Home & Kitchen,4500,16200.0
12789,2025-03-02,2225,Sneakers,4,0.1,Ahmedabad,UPI,Clothing,3200,11520.0
12790,2025-05-18,2530,Laptop,2,0.0,Kolkata,Net Banking,Electronics,55000,110000.0
12791,2025-02-19,2113,Coffee Maker,4,0.05,Mumbai,UPI,Home & Kitchen,4500,17100.0
12792,2025-09-16,2251,Mixer Grinder,2,0.0,Bengaluru,Cash on Delivery,Home & Kitchen,3800,7600.0
12793,2025-04-17,2233,Laptop,5,0.1,Hyderabad,UPI,Electronics,55000,247500.0
12794,2025-04-23,2791,Jeans,5,0.05,Hyderabad,Cash on Delivery,Clothing,1800,8550.0
12795,2025-12-16,2714,Headphones,2,0.1,Kolkata,Credit Card,Electronics,2500,4500.0
12796,2025-09-11,2083,Smartwatch,1,0.2,Chennai,Cash on Delivery,Electronics,6500,5200.0
12797,2025-04-28,2125,Smartphone,5,0.0,Hyderabad,UPI,Electronics,28000,140000.0
12798,2025-07-17,2175,Jeans,1,0.2,Ahmedabad,Cash on Delivery,Clothing,1800,1440.0
12799,2025-12-03,2069,Mixer Grinder,5,0.1,Visakhapatnam,Debit Card,Home & Kitchen,3800,17100.0
12800,2025-12-31,2047,T-Shirt,5,0.0,Mumbai,Credit Card,Clothing,900,4500.0
12801,2025-02-20,2256,Smartphone,3,0.05,Delhi,Cash on Delivery,Electronics,28000,79800.0
12802,2025-09-02,2727,Sneakers,4,0.1,Ahmedabad,Debit Card,Clothing,3200,11520.0
12803,2025-02-04,2030,Smartwatch,4,0.05,Vijayawada,Cash on Delivery,Electronics,6500,24700.0
12804,2025-10-29,2281,Desk,1,0.0,Delhi,Credit Card,Furniture,12000,12000.0
12805,2025-03-10,2237,T-Shirt,4,0.0,Hyderabad,Credit Card,Clothing,900,3600.0
12806,2025-12-15,2248,Headphones,1,0.1,Vijayawada,Cash on Delivery,Electronics,2500,2250.0
12807,2025-11-16,2368,Headphones,5,0.1,Delhi,UPI,Electronics,2500,11250.0
12808,2025-02-18,2495,Backpack,3,0.1,Pune,Credit Card,Accessories,1400,3780.0
12809,2025-03-15,2025,Headphones,3,0.0,Bengaluru,Net Banking,Electronics,2500,7500.0
12810,2025-07-11,2586,Backpack,5,0.15,Ahmedabad,Credit Card,Accessories,1400,5950.0
12811,2025-09-18,2718,Headphones,2,0.2,Vijayawada,UPI,Electronics,2500,4000.0
12812,2025-12-22,2490,Smartwatch,2,0.0,Kolkata,UPI,Electronics,6500,13000.0
12813,2025-03-11,2494,T-Shirt,4,0.0,Bengaluru,Cash on Delivery,Clothing,900,3600.0
12814,2025-03-31,2314,Mixer Grinder,1,0.15,Delhi,Net Banking,Home & Kitchen,3800,3230.0
12815,2025-09-17,2606,Coffee Maker,3,0.15,Chennai,Net Banking,Home & Kitchen,4500,11475.0
12816,2025-05-06,2375,Headphones,4,0.1,Kolkata,Debit Card,Electronics,2500,9000.0
12817,2025-08-19,2639,Smartwatch,5,0.15,Ahmedabad,Credit Card,Electronics,6500,27625.0
12818,2025-10-22,2025,Smartphone,3,0.1,Pune,UPI,Electronics,28000,75600.0
12819,2025-05-09,2334,T-Shirt,1,0.0,Vijayawada,UPI,Clothing,900,900.0
12820,2025-10-07,2355,T-Shirt,1,0.1,Visakhapatnam,UPI,Clothing,900,810.0
12821,2025-11-09,2116,Coffee Maker,2,0.1,Vijayawada,UPI,Home & Kitchen,4500,8100.0
12822,2025-04-10,2048,Coffee Maker,4,0.2,Bengaluru,Cash on Delivery,Home & Kitchen,4500,14400.0
12823,2025-11-22,2738,Smartwatch,5,0.0,Vijayawada,Cash on Delivery,Electronics,6500,32500.0
12824,2025-10-24,2778,T-Shirt,3,0.1,Bengaluru,Credit Card,Clothing,900,2430.0
12825,2025-07-01,2099,Coffee Maker,1,0.1,Kolkata,Net Banking,Home & Kitchen,4500,4050.0
12826,2025-06-23,2459,Office Chair,3,0.05,Vijayawada,Net Banking,Furniture,8500,24225.0
12827,2025-11-12,2523,Laptop,5,0.05,Kolkata,Debit Card,Electronics,55000,261250.0
12828,2025-12-30,2597,Smartwatch,3,0.15,Pune,Credit Card,Electronics,6500,16575.0
12829,2025-07-07,2405,T-Shirt,4,0.05,Pune,UPI,Clothing,900,3420.0
12830,2025-02-26,2214,Headphones,2,0.1,Bengaluru,Credit Card,Electronics,2500,4500.0
12831,2025-01-31,2685,Headphones,3,0.15,Delhi,UPI,Electronics,2500,6375.0
12832,2025-03-25,2503,Laptop,2,0.0,Pune,Credit Card,Electronics,55000,110000.0
12833,2025-06-01,2721,Sneakers,5,0.2,Mumbai,Net Banking,Clothing,3200,12800.0
12834,2025-02-05,2448,Headphones,2,0.1,Vijayawada,UPI,Electronics,2500,4500.0
12835,2025-08-01,2576,Laptop,3,0.05,Mumbai,UPI,Electronics,55000,156750.0
12836,2025-12-30,2258,Headphones,3,0.05,Vijayawada,Credit Card,Electronics,2500,7125.0
12837,2025-04-16,2121,Office Chair,1,0.2,Hyderabad,Debit Card,Furniture,8500,6800.0
12838,2025-12-08,2054,Desk,3,0.0,Kolkata,UPI,Furniture,12000,36000.0
12839,2025-08-08,2331,T-Shirt,2,0.05,Bengaluru,UPI,Clothing,900,1710.0
12840,2025-06-12,2784,T-Shirt,1,0.05,Ahmedabad,Net Banking,Clothing,900,855.0
12841,2025-08-08,2241,Mixer Grinder,3,0.0,Ahmedabad,UPI,Home & Kitchen,3800,11400.0
12842,2025-09-27,2755,Headphones,3,0.05,Chennai,Cash on Delivery,Electronics,2500,7125.0
12843,2025-04-30,2530,Headphones,5,0.2,Delhi,Credit Card,Electronics,2500,10000.0
12844,2025-12-02,2483,Headphones,1,0.15,Bengaluru,Credit Card,Electronics,2500,2125.0
12845,2025-07-01,2187,Smartphone,5,0.05,Pune,UPI,Electronics,28000,133000.0
12846,2025-04-16,2656,Smartwatch,5,0.05,Visakhapatnam,Cash on Delivery,Electronics,6500,30875.0
12847,2025-08-05,2262,Coffee Maker,5,0.1,Delhi,Cash on Delivery,Home & Kitchen,4500,20250.0
12848,2025-07-24,2364,Jeans,4,0.0,Delhi,UPI,Clothing,1800,7200.0
12849,2025-03-11,2491,T-Shirt,5,0.15,Visakhapatnam,UPI,Clothing,900,3825.0
12850,2025-02-13,2431,Coffee Maker,2,0.15,Kolkata,UPI,Home & Kitchen,4500,7650.0
12851,2025-11-25,2239,Laptop,3,0.15,Delhi,Cash on Delivery,Electronics,55000,140250.0
12852,2025-10-28,2304,Headphones,4,0.05,Hyderabad,Credit Card,Electronics,2500,9500.0
12853,2025-08-16,2298,Jeans,5,0.05,Delhi,UPI,Clothing,1800,8550.0
12854,2025-07-03,2076,Jeans,3,0.0,Chennai,UPI,Clothing,1800,5400.0
12855,2025-04-17,2700,Laptop,1,0.05,Mumbai,Credit Card,Electronics,55000,52250.0
12856,2025-03-25,2333,T-Shirt,1,0.05,Ahmedabad,Cash on Delivery,Clothing,900,855.0
12857,2025-12-04,2758,Sneakers,3,0.15,Kolkata,Debit Card,Clothing,3200,8160.0
12858,2025-09-07,2642,Sneakers,2,0.15,Bengaluru,UPI,Clothing,3200,5440.0
12859,2025-12-29,2474,Sneakers,3,0.2,Pune,UPI,Clothing,3200,7680.0
12860,2025-01-21,2283,Smartwatch,3,0.15,Hyderabad,Credit Card,Electronics,6500,16575.0
12861,2025-07-15,2591,Smartphone,4,0.0,Kolkata,UPI,Electronics,28000,112000.0
12862,2025-06-27,2072,T-Shirt,1,0.1,Mumbai,Debit Card,Clothing,900,810.0
12863,2025-01-07,2263,Smartphone,1,0.0,Chennai,Credit Card,Electronics,28000,28000.0
12864,2025-03-11,2703,Mixer Grinder,5,0.0,Mumbai,UPI,Home & Kitchen,3800,19000.0
12865,2025-05-07,2575,T-Shirt,3,0.1,Bengaluru,Credit Card,Clothing,900,2430.0
12866,2025-06-09,2012,Smartwatch,3,0.1,Visakhapatnam,Debit Card,Electronics,6500,17550.0
12867,2025-09-05,2141,Backpack,2,0.1,Pune,Credit Card,Accessories,1400,2520.0
12868,2025-07-22,2766,T-Shirt,1,0.0,Visakhapatnam,Cash on Delivery,Clothing,900,900.0
12869,2025-05-28,2555,Smartwatch,2,0.0,Vijayawada,Debit Card,Electronics,6500,13000.0
12870,2025-05-23,2017,Office Chair,4,0.0,Chennai,Cash on Delivery,Furniture,8500,34000.0
12871,2025-07-18,2063,Desk,5,0.0,Pune,Debit Card,Furniture,12000,60000.0
12872,2025-06-03,2253,Sneakers,2,0.0,Bengaluru,UPI,Clothing,3200,6400.0
12873,2025-05-22,2465,Laptop,1,0.1,Kolkata,UPI,Electronics,55000,49500.0
12874,2025-11-09,2376,Jeans,4,0.15,Ahmedabad,Net Banking,Clothing,1800,6120.0
12875,2025-06-14,2520,Backpack,3,0.05,Pune,Net Banking,Accessories,1400,3990.0
12876,2025-11-10,2090,Smartphone,4,0.1,Kolkata,Debit Card,Electronics,28000,100800.0
12877,2025-01-21,2720,Headphones,2,0.0,Kolkata,Debit Card,Electronics,2500,5000.0
12878,2025-03-23,2796,Desk,1,0.2,Vijayawada,UPI,Furniture,12000,9600.0
12879,2025-03-10,2630,Laptop,2,0.05,Hyderabad,Credit Card,Electronics,55000,104500.0
12880,2025-05-11,2175,Backpack,3,0.15,Chennai,Net Banking,Accessories,1400,3570.0
12881,2025-03-28,2076,T-Shirt,3,0.15,Chennai,Cash on Delivery,Clothing,900,2295.0
12882,2025-08-06,2613,T-Shirt,1,0.15,Vijayawada,UPI,Clothing,900,765.0
12883,2025-11-01,2663,Laptop,5,0.0,Visakhapatnam,UPI,Electronics,55000,275000.0
12884,2025-12-11,2400,Office Chair,4,0.1,Visakhapatnam,Credit Card,Furniture,8500,30600.0
12885,2025-12-07,2782,Smartwatch,4,0.0,Bengaluru,Credit Card,Electronics,6500,26000.0
12886,2025-06-10,2071,Jeans,3,0.0,Hyderabad,UPI,Clothing,1800,5400.0
12887,2025-06-27,2180,Sneakers,2,0.0,Kolkata,Debit Card,Clothing,3200,6400.0
12888,2025-04-27,2124,Backpack,2,0.15,Delhi,UPI,Accessories,1400,2380.0
12889,2025-07-15,2381,Mixer Grinder,5,0.15,Delhi,Cash on Delivery,Home & Kitchen,3800,16150.0
12890,2025-11-23,2293,Jeans,2,0.0,Visakhapatnam,Debit Card,Clothing,1800,3600.0
12891,2025-03-27,2797,Smartwatch,4,0.05,Vijayawada,Cash on Delivery,Electronics,6500,24700.0
12892,2025-10-16,2195,Mixer Grinder,2,0.2,Hyderabad,Cash on Delivery,Home & Kitchen,3800,6080.0
12893,2025-03-22,2228,Sneakers,5,0.05,Mumbai,Credit Card,Clothing,3200,15200.0
12894,2025-06-01,2431,Headphones,4,0.05,Ahmedabad,Cash on Delivery,Electronics,2500,9500.0
12895,2025-03-02,2436,Smartphone,2,0.05,Hyderabad,Credit Card,Electronics,28000,53200.0
12896,2025-03-02,2787,Desk,4,0.1,Bengaluru,Net Banking,Furniture,12000,43200.0
12897,2025-12-20,2461,Smartwatch,3,0.05,Kolkata,UPI,Electronics,6500,18525.0
12898,2025-01-28,2618,Sneakers,3,0.1,Kolkata,Net Banking,Clothing,3200,8640.0
12899,2025-02-12,2021,T-Shirt,3,0.05,Chennai,UPI,Clothing,900,2565.0
12900,2025-06-18,2064,Headphones,2,0.0,Pune,UPI,Electronics,2500,5000.0
12901,2025-03-27,2165,Jeans,5,0.05,Pune,Credit Card,Clothing,1800,8550.0
12902,2025-06-26,2027,Laptop,4,0.0,Chennai,Debit Card,Electronics,55000,220000.0
12903,2025-01-17,2311,T-Shirt,1,0.05,Bengaluru,UPI,Clothing,900,855.0
12904,2025-04-08,2285,Jeans,3,0.0,Kolkata,Credit Card,Clothing,1800,5400.0
12905,2025-07-17,2660,T-Shirt,3,0.15,Pune,Cash on Delivery,Clothing,900,2295.0
12906,2025-04-08,2281,Backpack,1,0.05,Pune,UPI,Accessories,1400,1330.0
12907,2025-03-06,2164,Office Chair,1,0.1,Ahmedabad,Credit Card,Furniture,8500,7650.0
12908,2025-11-26,2224,Backpack,2,0.2,Pune,UPI,Accessories,1400,2240.0
12909,2025-12-07,2784,Laptop,4,0.15,Kolkata,Credit Card,Electronics,55000,187000.0
12910,2025-01-05,2146,Headphones,3,0.2,Bengaluru,Debit Card,Electronics,2500,6000.0
12911,2025-01-02,2030,Jeans,5,0.1,Mumbai,UPI,Clothing,1800,8100.0
12912,2025-01-22,2045,Coffee Maker,2,0.0,Visakhapatnam,Net Banking,Home & Kitchen,4500,9000.0
12913,2025-04-22,2787,Office Chair,2,0.15,Hyderabad,Credit Card,Furniture,8500,14450.0
12914,2025-02-26,2471,Desk,5,0.15,Vijayawada,Cash on Delivery,Furniture,12000,51000.0
12915,2025-03-07,2034,Headphones,5,0.15,Delhi,Debit Card,Electronics,2500,10625.0
12916,2025-11-26,2653,T-Shirt,5,0.1,Hyderabad,Cash on Delivery,Clothing,900,4050.0
12917,2025-04-08,2427,T-Shirt,1,0.1,Ahmedabad,UPI,Clothing,900,810.0
12918,2025-05-24,2221,Smartphone,3,0.0,Pune,UPI,Electronics,28000,84000.0
12919,2025-05-05,2534,Laptop,1,0.1,Bengaluru,Credit Card,Electronics,55000,49500.0
12920,2025-06-16,2692,Mixer Grinder,3,0.0,Mumbai,Cash on Delivery,Home & Kitchen,3800,11400.0
12921,2025-03-27,2367,Headphones,1,0.0,Delhi,UPI,Electronics,2500,2500.0
12922,2025-03-17,2743,Headphones,4,0.1,Chennai,Net Banking,Electronics,2500,9000.0
12923,2025-12-10,2550,Smartphone,3,0.05,Mumbai,UPI,Electronics,28000,79800.0
12924,2025-10-21,2582,Coffee Maker,2,0.0,Visakhapatnam,UPI,Home & Kitchen,4500,9000.0
12925,2025-02-28,2116,Jeans,3,0.15,Pune,UPI,Clothing,1800,4590.0
12926,2025-05-18,2239,Sneakers,3,0.15,Vijayawada,Credit Card,Clothing,3200,8160.0
12927,2025-04-09,2335,Coffee Maker,3,0.1,Delhi,Net Banking,Home & Kitchen,4500,12150.0
12928,2025-07-11,2441,Smartwatch,4,0.05,Pune,UPI,Electronics,6500,24700.0
12929,2025-08-31,2148,Sneakers,1,0.2,Delhi,Credit Card,Clothing,3200,2560.0
12930,2025-11-15,2009,Laptop,2,0.0,Vijayawada,UPI,Electronics,55000,110000.0
12931,2025-02-18,2288,Headphones,1,0.1,Visakhapatnam,Debit Card,Electronics,2500,2250.0
12932,2025-02-01,2388,Office Chair,1,0.0,Chennai,UPI,Furniture,8500,8500.0
12933,2025-10-04,2050,Backpack,5,0.05,Kolkata,Credit Card,Accessories,1400,6650.0
12934,2025-01-20,2517,Smartwatch,4,0.1,Bengaluru,Debit Card,Electronics,6500,23400.0
12935,2025-06-03,2638,Smartwatch,5,0.1,Mumbai,Credit Card,Electronics,6500,29250.0
12936,2025-03-09,2587,Jeans,4,0.0,Hyderabad,UPI,Clothing,1800,7200.0
12937,2025-08-02,2677,Laptop,1,0.0,Chennai,UPI,Electronics,55000,55000.0
12938,2025-05-23,2278,Headphones,1,0.05,Chennai,Debit Card,Electronics,2500,2375.0
12939,2025-08-20,2300,Headphones,4,0.05,Ahmedabad,Cash on Delivery,Electronics,2500,9500.0
12940,2025-08-01,2589,Headphones,1,0.1,Delhi,Net Banking,Electronics,2500,2250.0
12941,2025-03-20,2649,Office Chair,1,0.05,Delhi,Cash on Delivery,Furniture,8500,8075.0
12942,2025-08-02,2618,Headphones,2,0.05,Ahmedabad,Net Banking,Electronics,2500,4750.0
12943,2025-04-26,2607,Headphones,5,0.0,Mumbai,Credit Card,Electronics,2500,12500.0
12944,2025-04-02,2135,T-Shirt,5,0.0,Delhi,UPI,Clothing,900,4500.0
12945,2025-09-27,2580,Desk,5,0.1,Kolkata,UPI,Furniture,12000,54000.0
12946,2025-06-17,2147,Headphones,3,0.1,Bengaluru,Credit Card,Electronics,2500,6750.0
12947,2025-02-27,2490,Laptop,2,0.0,Hyderabad,Debit Card,Electronics,55000,110000.0
12948,2025-10-11,2478,Smartwatch,5,0.0,Hyderabad,Cash on Delivery,Electronics,6500,32500.0
12949,2025-01-26,2159,Backpack,5,0.1,Vijayawada,UPI,Accessories,1400,6300.0
12950,2025-03-07,2384,Jeans,2,0.0,Vijayawada,Credit Card,Clothing,1800,3600.0
12951,2025-09-05,2163,Office Chair,1,0.05,Bengaluru,Debit Card,Furniture,8500,8075.0
12952,2025-09-11,2441,Mixer Grinder,5,0.05,Pune,Credit Card,Home & Kitchen,3800,18050.0
12953,2025-02-13,2189,Office Chair,1,0.0,Pune,UPI,Furniture,8500,8500.0
12954,2025-04-07,2415,Jeans,5,0.0,Chennai,Cash on Delivery,Clothing,1800,9000.0
12955,2025-02-11,2339,T-Shirt,4,0.15,Chennai,UPI,Clothing,900,3060.0
12956,2025-08-15,2607,Laptop,3,0.1,Ahmedabad,Net Banking,Electronics,55000,148500.0
12957,2025-09-19,2181,Mixer Grinder,5,0.1,Visakhapatnam,Net Banking,Home & Kitchen,3800,17100.0
12958,2025-06-16,2288,Smartwatch,4,0.05,Vijayawada,UPI,Electronics,6500,24700.0
12959,2025-10-06,2187,Smartphone,2,0.1,Visakhapatnam,UPI,Electronics,28000,50400.0
12960,2025-03-30,2138,Sneakers,4,0.15,Delhi,Debit Card,Clothing,3200,10880.0
12961,2025-06-27,2130,Headphones,2,0.1,Hyderabad,Credit Card,Electronics,2500,4500.0
12962,2025-07-16,2194,Jeans,5,0.0,Chennai,UPI,Clothing,1800,9000.0
12963,2025-11-03,2316,Jeans,2,0.1,Pune,Net Banking,Clothing,1800,3240.0
12964,2025-09-24,2785,T-Shirt,4,0.05,Bengaluru,Credit Card,Clothing,900,3420.0
12965,2025-09-25,2144,Office Chair,3,0.1,Vijayawada,UPI,Furniture,8500,22950.0
12966,2025-03-15,2016,Headphones,1,0.05,Hyderabad,Credit Card,Electronics,2500,2375.0
12967,2025-01-08,2302,T-Shirt,1,0.15,Mumbai,UPI,Clothing,900,765.0
12968,2025-10-24,2423,Jeans,3,0.1,Bengaluru,UPI,Clothing,1800,4860.0
12969,2025-06-13,2245,Sneakers,1,0.0,Visakhapatnam,Credit Card,Clothing,3200,3200.0
12970,2025-03-26,2107,Office Chair,5,0.0,Kolkata,Credit Card,Furniture,8500,42500.0
12971,2025-03-13,2088,Smartwatch,5,0.05,Visakhapatnam,Credit Card,Electronics,6500,30875.0
12972,2025-02-24,2129,Sneakers,4,0.0,Vijayawada,Net Banking,Clothing,3200,12800.0
12973,2025-02-16,2341,Smartphone,4,0.05,Bengaluru,Cash on Delivery,Electronics,28000,106400.0
12974,2025-08-26,2004,Coffee Maker,2,0.05,Kolkata,UPI,Home & Kitchen,4500,8550.0
12975,2025-04-14,2327,Smartwatch,4,0.05,Delhi,UPI,Electronics,6500,24700.0
12976,2025-07-29,2410,Backpack,5,0.2,Mumbai,Debit Card,Accessories,1400,5600.0
12977,2025-02-11,2306,Laptop,4,0.05,Visakhapatnam,Debit Card,Electronics,55000,209000.0
12978,2025-11-12,2607,Headphones,1,0.0,Mumbai,Cash on Delivery,Electronics,2500,2500.0
12979,2025-09-25,2721,T-Shirt,2,0.0,Bengaluru,Debit Card,Clothing,900,1800.0
12980,2025-09-20,2225,Desk,2,0.05,Hyderabad,UPI,Furniture,12000,22800.0
12981,2025-12-02,2348,Jeans,5,0.0,Bengaluru,Credit Card,Clothing,1800,9000.0
12982,2025-12-31,2321,Coffee Maker,4,0.1,Pune,Cash on Delivery,Home & Kitchen,4500,16200.0
12983,2025-09-16,2559,T-Shirt,1,0.0,Kolkata,Net Banking,Clothing,900,900.0
12984,2025-10-10,2181,T-Shirt,4,0.1,Hyderabad,UPI,Clothing,900,3240.0
12985,2025-04-24,2618,Smartphone,3,0.15,Visakhapatnam,Credit Card,Electronics,28000,71400.0
12986,2025-12-29,2711,Office Chair,4,0.0,Delhi,UPI,Furniture,8500,34000.0
12987,2025-02-09,2386,Headphones,5,0.05,Mumbai,Credit Card,Electronics,2500,11875.0
12988,2025-08-08,2618,Coffee Maker,4,0.05,Bengaluru,UPI,Home & Kitchen,4500,17100.0
12989,2025-05-09,2792,Coffee Maker,2,0.1,Ahmedabad,Net Banking,Home & Kitchen,4500,8100.0
12990,2025-01-08,2772,Mixer Grinder,1,0.05,Vijayawada,Debit Card,Home & Kitchen,3800,3610.0
12991,2025-04-11,2108,Jeans,5,0.1,Visakhapatnam,Cash on Delivery,Clothing,1800,8100.0
12992,2025-06-25,2531,Sneakers,3,0.1,Vijayawada,Net Banking,Clothing,3200,8640.0
12993,2025-04-17,2410,Backpack,1,0.1,Hyderabad,UPI,Accessories,1400,1260.0
12994,2025-04-11,2296,Smartphone,1,0.05,Pune,Debit Card,Electronics,28000,26600.0
12995,2025-09-17,2171,Jeans,2,0.0,Visakhapatnam,Cash on Delivery,Clothing,1800,3600.0
12996,2025-09-03,2331,Laptop,2,0.1,Pune,Credit Card,Electronics,55000,99000.0
12997,2025-10-02,2493,T-Shirt,2,0.15,Pune,Debit Card,Clothing,900,1530.0
12998,2025-02-01,2195,Smartphone,5,0.2,Delhi,Credit Card,Electronics,28000,112000.0
12999,2025-05-17,2012,Headphones,4,0.15,Hyderabad,Debit Card,Electronics,2500,8500.0
13000,2025-01-12,2195,Smartwatch,1,0.1,Bengaluru,Credit Card,Electronics,6500,5850.0
11307,2025-10-07,2141,Smartwatch,2,0.0,Hyderabad,Net Banking,Electronics,6500,13000.0
12038,2025-12-06,2541,Headphones,3,0.1,Hyderabad,Cash on Delivery,Electronics,2500,6750.0
10569,2025-04-10,2704,Office Chair,2,0.05,Mumbai,Credit Card,Furniture,8500,16150.0
11898,2025-05-11,2576,Coffee Maker,3,0.0,Visakhapatnam,Credit Card,Home & Kitchen,4500,13500.0
12499,2025-04-27,2630,T-Shirt,5,0.0,Bengaluru,UPI,Clothing,900,4500.0
11112,2025-06-22,2247,Smartphone,4,0.0,Vijayawada,Net Banking,Electronics,28000,112000.0
11236,2025-06-15,2169,T-Shirt,2,0.1,Vijayawada,Cash on Delivery,Clothing,900,1620.0
11124,2025-09-11,2606,Headphones,2,0.0,Hyderabad,UPI,Electronics,2500,5000.0
12731,2025-01-14,2798,Smartphone,3,0.0,Mumbai,Debit Card,Electronics,28000,84000.0
12215,2025-12-13,2192,Jeans,5,0.0,Kolkata,Debit Card,Clothing,1800,9000.0
